x1,x2,x3,x4,x5,x6,y
-0.4078974921538259,-0.34367267942981206,-0.6310264661860169,-1.0,1.0,1.0,5.257222068477246
-0.5426319999959941,-1.0,-0.5701878034912002,-1.0,-1.0,-0.6313177405426527,4.7672465985812025
-0.2854365662036571,-0.7616999182945202,-1.0,-0.4155436107887315,1.0,0.294311036010895,-2.682859246825795
0.4514456127254749,0.3004710802758548,0.8826344645520945,1.0,1.0,0.5677111011315534,-3.4266594049039507
-1.0,0.030710305328152,-0.5070451222703194,-0.7543262328735512,0.12036063828124433,-0.21964091760433896,-0.3191927425650656
0.574212336412159,0.8723916115517325,0.10275961814266221,1.0,-0.4205931474962364,-0.5517917330972957,4.1993031460120935
0.10169825962311087,0.3569456414080443,-1.0,-0.47200780818194693,-0.9904855459616142,-0.5037760736301025,-1.4849317148730932
-0.10703816667725308,0.7982025734363729,-0.9184672983774125,-0.8946157764027379,-1.0,1.0,11.346287751433447
-0.7504108174908461,-0.8111034339538536,-1.0,-0.14483681446977936,-0.9542001116616354,-1.0,1.1272114249188254
-0.5565719507222315,-1.0,-0.00601642524674284,0.7363226214889294,0.04762329301520668,0.5120237308797995,0.6623381983714758
0.6214062125875739,0.20790532711833337,-0.1851326808319862,0.984201951937617,-0.43448756408521383,0.8373281607611308,2.967032872820717
-1.0,0.33929184341795415,-1.0,-1.0,0.23289490921194944,1.0,8.255233698044117
-0.09677167532835407,-0.027182880257414666,0.24370415495244635,1.0,-1.0,-0.7791064873438257,1.0839382667957747
-1.0,-0.5476522138206776,-0.41475075938928474,-1.0,-1.0,-1.0,3.0463729118063094
-1.0,0.20933856463432932,0.8899501430404818,-1.0,-1.0,0.4306390530281971,-2.4953926027358557
-0.31948150072173065,-0.10973494663971373,-1.0,-1.0,-1.0,-1.0,0.7791365006174186
0.10425753763295997,-0.3782510363041277,1.0,0.6406656218638669,-0.5596357189944674,0.4059520889493189,-1.2555985923147222
1.0,0.5393474649002921,0.3648197940493046,1.0,0.3539571546050799,0.6104232962004346,-2.0415179641214176
-0.9796619000017803,-0.22982364919702297,-0.8258691665933655,0.7157041011657046,0.268252682417372,0.2454798730069716,0.8454192086871793
-1.0,0.521647187552325,0.4849856566324393,-0.08682346527751172,0.24101749374274628,1.0,0.5466115061290238
0.14302350277321768,-0.7563476078220005,-1.0,0.6799304719616704,0.6028930110368497,0.2593642277251149,-1.7291492464981424
-1.0,-1.0,-0.9120648700930347,-0.422596399076955,-1.0,-1.0,0.5839436565010405
1.0,0.8692253592069645,1.0,0.953359498569832,0.17960399482453404,1.0,-4.791162342920202
-0.17228005577683003,-0.07210345846766386,0.1363766744910253,-0.553183234998408,-0.640730325814527,-0.6537331412254355,0.9199059025975179
-0.551618027650818,-1.0,-1.0,0.26109186169419385,-0.6261611881915533,0.9005954628307219,2.504952515492626
-1.0,-0.3646206771135728,-1.0,0.1708701865257623,1.0,0.4834264322538049,-0.013020365895895225
-0.2078487798285349,0.6522910996417668,0.20656475930300533,-0.2101976985771579,-0.3386903848628594,0.6403807298149997,1.2973543011829523
-0.1664842172706155,0.4183404556552218,-0.7369577863378182,-0.18261240396431028,-0.7617139630379374,-0.8719239207241916,0.174558627634991
-0.37952372265507545,-0.1445898732431835,-0.8349302818384455,-0.7222342806781114,0.5692366150985155,0.22329473990405418,0.5499186011966772
-0.8414664409958741,0.27302689823238147,-1.0,-1.0,-0.9142142222550833,0.4446035302659578,0.34779542073268593
0.5890133847927363,-0.35946172528700276,1.0,1.0,0.8517321090740484,0.0517687639881107,-3.1530765067894237
1.0,1.0,0.7195774208168702,0.2572072449682825,-0.543355246843045,-1.0,4.760278542928537
-0.05933112803529755,-1.0,-1.0,-0.4080399570442622,-0.3607226218542432,-0.3399112983745558,-1.711290917473101
-0.7757103278988107,1.0,1.0,-0.11340293410515986,1.0,-1.0,-1.4723382078749194
0.24502825897823322,0.653404464947126,-0.16948994256221656,1.0,-0.9380326822699161,-0.6854886909411266,3.0206253297077046
0.090462476690365,1.0,1.0,1.0,-0.7342034245952205,-0.021404714259054325,-1.3784686695367863
-0.29233841533512267,0.8634531164657641,1.0,0.937983158987135,0.12458178143086479,0.004441621257555622,-3.3725789606387413
0.4578619088661089,0.3473050275955939,0.17143334094928608,-0.21260176415622611,-0.33969733996292617,-1.0,2.6798494492991027
1.0,0.3177887545893699,0.6111477546974715,-0.4461200212170079,0.4944867572758435,0.077142518052287,-2.3524305820035774
0.38592353094153026,-0.6870071265032778,-0.48541709272910505,0.02036529315471236,-0.9803955085527412,-1.0,2.8060853104313495
1.0,-0.26001602364265247,-0.9030374700742281,0.18587786134063644,0.017674760875581147,0.42430722933540976,1.1902281712678031
0.4319205113440998,1.0,1.0,0.4276733396668464,-1.0,-0.010562116493803009,-1.4698974599077708
-0.015878273315144575,0.926670896503361,-0.4488534718067192,0.08636545686952046,-0.002703007097848986,-1.0,2.124182331009937
-0.24261571180441832,0.3044056411747088,-0.6883017020125912,-1.0,-0.12581818730537633,-0.6456178042418446,-0.12920214310569356
1.0,1.0,0.5069687205587421,0.04299042797441177,0.22427660919284906,1.0,-0.5641339559711516
-0.08295598430765738,0.4404251287184436,-0.3051471631096031,0.23578879559736343,-0.28545075756113847,-1.0,1.9102506255349585
-1.0,-1.0,-0.32372636578978364,-0.348180065593761,0.14288104068001295,-0.6080029825938509,2.4098526972160217
-1.0,-1.0,-1.0,-0.16867641220084084,0.2808680498275138,-0.4295245226933747,-1.9559854586070606
1.0,1.0,0.5950115020557956,1.0,-0.34317336912295904,-0.4624918642282769,3.285593946613864
-1.0,-0.9170187192952377,-1.0,-1.0,0.2898079476849805,0.8211627592570441,-3.5690490968405846
0.4028577315034928,-1.0,0.16769611763711847,-0.3232356985883663,-1.0,-1.0,7.64829603012667
-0.14832983677922149,-0.3037596348904539,-0.8837291883630927,-1.0,-1.0,-0.5115934236362196,1.045898827549504
-1.0,-0.2378786582725072,0.23202272742418567,0.043901575935140436,0.11032677220039866,-0.3344033630198813,1.0698582414942273
0.1836672815918985,0.8544946687316998,-0.14235584782627764,-1.0,1.0,1.0,7.928646645530685
0.39175632579100084,1.0,0.19416557140801638,1.0,1.0,0.6335679393025724,-0.2937237439119018
-0.4806516892560041,-0.407791890251453,-1.0,-1.0,0.14255591965361436,0.27970717740100237,-2.2979259327502177
-0.13203303133875266,1.0,1.0,1.0,1.0,1.0,-5.578162634799026
-0.33835057426697446,1.0,-0.717290895686008,-0.05153242762057092,-0.2858378202451177,0.6959666200808796,5.1148221868800325
-0.6213308981433457,-0.31808744447967785,-0.17508504295552416,-0.6197797573552646,1.0,0.5966022226797136,2.003120406559986
-0.3044341629318055,0.31423428868882874,-1.0,0.0403948214266342,1.0,0.5565532012975358,2.9085567515690625
-1.0,-0.2227308970888156,-0.23333285014747224,0.08212079698150165,-0.8439908514940988,1.0,-0.5339172270749758
1.0,1.0,1.0,0.12342183552033559,0.7928678539084872,-1.0,-3.5782890484689416
1.0,1.0,1.0,0.7351549114751734,-0.463756439787651,-0.0367507050479417,-0.2309783165401984
-0.01617708084518449,-0.7862388531339861,-0.10733444562476921,-0.15619321737086267,-0.7210384477298075,-0.10308481806239,0.16616346985644143
-1.0,-1.0,-1.0,-1.0,-1.0,0.6574096865323226,-2.179079873395348
-0.17602541452954007,0.26171649046711765,0.045428986497882795,0.40144161811624557,-1.0,-0.21944433387877482,-0.7723294067850466
-0.7193750184960428,-0.09735843515729559,-0.37667520420829215,0.7703117269145017,0.7690617445382861,-0.008519816013876746,2.091234767750869
0.03826550381946747,0.913457199959623,0.4043297610937946,1.0,0.4370340125837029,1.0,0.5658468478554395
-0.9226860568625661,-0.24909666921274887,-0.5753669391516137,0.35678097289472355,0.28040021039144447,1.0,5.2744498541231115
-0.659004384456688,-1.0,-1.0,-1.0,-1.0,-0.9803690430183994,4.6502355116354925
0.4447674991672889,0.03037815857515044,0.08583267329357391,-0.2138081416563783,0.3034481166602194,0.439454562316696,-0.34921187420606975
-0.4315180355825118,-0.8468648055872758,-0.8357199627787835,-0.3685781182730131,-0.5915703983729772,0.5173650071595699,-1.0925027833338954
-0.7605326923438618,-0.9064635001059775,-1.0,-0.6902095703685918,1.0,-0.1322751657976717,-4.680647917808705
-0.3460048845719925,0.3246633234803603,0.7767424895111661,-0.1797246503256299,-0.31777925876244373,0.5474934650749067,-0.9122438628602358
-0.28017202455183504,0.034336874346645695,0.192736643288284,0.09018552402368885,0.24605156799282327,0.018854313767041053,0.2494286833831576
0.5702672724734364,-0.34082760270540247,-0.5177343330452552,-0.464442930849689,0.6265526590279964,-0.3315602675855375,-1.7853854548537809
0.3257861539521191,0.8305549665686067,0.9342367861787924,0.4527064077161942,0.5256141476042114,0.4456404485549802,-2.8279898469841265
0.8158022919126893,0.864501473353734,0.19586583377079625,0.39179236307239257,-0.8764554928180965,-0.9659708567138704,5.591024452767917
-0.24078174585628662,-0.6949009168242988,-0.7423360903045366,0.054654982813486234,1.0,1.0,4.93974855883133
-0.33555165889978755,-0.9015891348066609,-1.0,-1.0,-0.5660135905852974,-0.4220310643360729,-0.1752249783680131
0.2090258616133363,-0.00715344684931235,-0.2776342126134534,-0.4439691963826431,-1.0,0.10798479934090133,1.0169898967414874
-0.15502133731910495,-0.32687820899957254,-1.0,-0.6496542279638923,0.4357736936813694,1.0,6.043731301914144
1.0,0.1093889124520262,0.46423118015743575,1.0,1.0,0.7813016403223103,-3.154753103659031
0.04489141171842692,0.5158673417172592,0.13468415813682366,1.0,0.6255908140385351,-1.0,2.0187963196244274
-0.6638656103134953,-1.0,-0.397226859770648,-0.961869994111697,1.0,0.21487783689316253,-1.042132795514188
-0.14961007216179156,-1.0,-1.0,-1.0,1.0,0.8760188148498784,-2.538828772529074
1.0,0.24598047637378606,0.03087183245837455,0.9076891881717855,1.0,0.11717405808904635,-2.299388928845945
-1.0,-0.8588374448071454,-0.7060232457963864,-1.0,0.7430554872254006,1.0,0.3812653048369722
-0.3945382477995586,-0.9898222442576226,-0.3380807166892519,-1.0,-1.0,-1.0,5.674688204919576
0.025984455365774428,0.22938495889263333,0.16896077993179914,0.2653232830051857,1.0,1.0,4.664498832112748
-1.0,-0.6596309389251922,-1.0,-0.04762649206363617,0.5845998787412825,-0.014639684193671454,-2.5732869152661912
-0.5196246500426502,-0.5404303885337423,-1.0,-1.0,1.0,0.2722425045476542,-1.3118527712369585
-0.495327093467107,0.4287007330310981,-1.0,0.26475210706840513,0.19216111865076768,-1.0,4.313912025466728
-0.14963257368792826,-0.05117213264325282,-0.658229261901035,0.32488915887663566,0.9481873817618671,0.2891383778747689,1.057881523810139
0.6822050946094002,-0.18894746994533318,0.42035976701861477,-0.8178090543241707,0.8096274567007069,-0.5405661683694765,0.9546589341615708
-1.0,-0.9124349959121965,-1.0,-1.0,-0.5099959634607818,-0.19445995379396952,-4.539224264558638
-1.0,-0.7967897910455154,-0.3126319502703978,-1.0,-1.0,0.13844951543726997,1.2528620742572179
0.6753519407981099,-0.3416719780086012,1.0,-0.37440673213971587,0.8165172114592809,1.0,-4.491165217922755
-1.0,-0.47822344851781806,-0.6600300338543459,-0.892950666780572,1.0,-0.1528951521623337,1.1623338170226047
0.5348939646945188,-0.03896510035794254,0.26676619281564373,-0.4913852340693861,1.0,1.0,1.588190421506803
-0.29585924951425036,-0.62988656352242,-0.3561281064834598,-1.0,-0.9988991619398075,-0.5219827294392511,2.578327345872669
-1.0,-0.7293812341353927,-0.8035261928768508,-1.0,-1.0,-1.0,3.964777190606588
-0.8941234809799667,-0.9357241291902798,0.09559004747561894,-0.4397930741280897,0.5030601042574336,-0.24044751057136343,1.7006292021500742
-0.17328377615539992,-0.19980764543299134,0.8186111890534986,0.5277254744104072,1.0,0.6174034574777396,-0.8894284769613036
1.0,0.07710418737231163,1.0,0.20718546262502974,-0.31667495910449284,0.4616439615723281,0.6933596216540646
1.0,-0.06796844434720084,1.0,0.618402063190322,0.5965824367392958,1.0,-4.737878201886002
-0.7249010091273658,0.7508826358522815,-0.15103819204473168,-0.9663522405689244,-1.0,-1.0,-0.8225363853056865
1.0,0.6930656569378468,-0.17663102279523563,0.3777586203710097,0.03126565484335285,0.48206524396961736,0.5361773245082384
0.36877583132145486,1.0,1.0,0.43329670035103146,-0.11909009827460881,-0.49654665788687025,-1.683249063042129
1.0,0.5328872840979555,0.9685014150660803,0.8211432066839212,-0.6009980689273869,-0.3535173473145612,3.1796939568156204
-0.555731336006179,-0.3119899522214271,1.0,0.2465774607552801,-0.049664119253301046,-1.0,3.0552506737254155
0.9048746557547125,0.83783463291879,-0.08909455098812369,0.2406500142620609,-1.0,-0.20664485799649557,2.7831447634251965
-0.7062780549182363,-0.49341453590205786,-1.0,0.4145063945580824,-1.0,-0.9757916857322058,0.7456320342888272
-0.28787573745190065,0.243796643277236,-1.0,0.3585585328349697,-0.19520176961168278,0.8230956229329539,5.390893126581806
-0.6790607424553802,0.04122946897887447,-1.0,0.6698795425083222,-1.0,-0.6930063912435003,-1.8052116355368368
0.7339647919246185,1.0,-0.8708453052363281,-1.0,-1.0,-0.8273776531936068,7.453321834892738
1.0,1.0,1.0,1.0,0.43712364649762336,-0.605954261644051,-3.18094642678312
1.0,-1.0,1.0,-0.1582225328898042,-0.7279750557817817,-0.45121883537263074,9.250687635549673
0.9348152494013635,-0.29098150966141834,-1.0,1.0,-0.4680386824577617,-0.4300099785854731,1.048972763605682
0.9704889108954876,0.5703590922384849,0.28854048807078625,0.7405496284316595,-0.19609316109956243,-0.4445281233884233,2.6630385154165754
1.0,-0.31979842896641286,-0.18879525880194337,-0.4931308434856425,-0.9616705162066586,-0.5483390478828808,5.597800438140237
-1.0,1.0,-0.4256130591032834,-0.09712003175772743,-0.9333925627737503,-0.06242407181840404,-0.7043749799796499
-1.0,-0.07320546335118361,-0.731330573339168,-1.0,0.20203660997010853,0.5186797722408847,0.19470719562167466
-0.2133912266042017,-0.37475440983317354,-1.0,-0.3078609131995209,-0.8605501933319211,-1.0,1.0344748260705403
0.2149789892122958,-0.38547297894946964,-0.07988827006388832,0.4224623330705366,-0.9010890919732847,-0.654848201253428,2.8390257487886745
0.39533075093355735,-0.4002204742731842,-1.0,0.0743197357943271,-0.8187613824026361,0.49965590250702174,1.9810780065536941
-0.26920355761383785,-0.62831952428629,-1.0,-0.7331589016464495,0.2653990983731682,0.9001928230434484,2.5389415922906227
-1.0,-0.3314878082494559,-0.10380666567687169,-1.0,0.7903038655906324,1.0,5.348491066928678
0.8479794004023118,0.5045459641473209,-0.27558932509832734,1.0,-0.6447310347080384,-0.4183528388693711,3.29175141112443
0.8911883049002534,1.0,1.0,0.3875442573771766,-0.3033540845065964,-0.34539605138872165,0.3253186820193722
0.08115167784385757,1.0,1.0,0.9236346375544127,-1.0,-0.02972039499893716,-2.1834626362546103
0.012464129575024921,-0.40793815108688036,-0.4849931451102742,-1.0,-1.0,-1.0,3.1931489129960835
-1.0,-1.0,-1.0,0.48979583552407563,-0.5787168698797994,1.0,0.7568390931691084
-0.1935204719807356,0.197555188516143,0.40212764277714363,0.5072180504752193,-0.3310578131461248,-0.08758440501179443,0.45355023876189926
1.0,0.14841069624145375,0.3001231805075445,-0.4655869951960236,0.5522308414097189,-0.37034626048093444,-0.9096898012235066
0.8615509355021546,-0.20726879673206006,-0.6141166781173009,0.4954573822009957,-1.0,-0.6965863922077957,4.538089279706022
-0.14424792850939877,-0.9908854344054003,0.39651793042504335,-0.4626825809403409,1.0,1.0,1.5523313505680816
-0.5224779781045152,-0.8326689374144232,-0.382061399982621,-1.0,0.39089309912562353,0.8970893766689836,-0.1074255563334211
1.0,1.0,0.9185996836049606,0.8384471710016844,0.0017328192216570781,0.3701754647392791,-3.01905378138376
1.0,-0.4788423374329868,1.0,-0.7146513614478662,0.3553512013020829,-0.18692240798191734,-1.1676978302574044
-0.6240343883860249,-1.0,-0.22217249178746748,-1.0,0.4742902028461491,0.3868172305018356,-2.3130434298031934
0.8640198435355074,-0.3009068359070943,0.16751921396595704,0.5247836828588522,-0.7164461323892797,0.19358501759763636,1.960684061836834
0.7963241814584313,0.20121832806353046,0.43086359154287873,-0.06161886185244747,-0.3758143507910455,0.5226247085001792,1.3770511284868374
-1.0,-0.9224755366123125,-1.0,-1.0,-0.7027727215523449,-0.2689694690956308,-2.8225943041954844
1.0,-0.03212689599688012,0.40424658997793417,0.7572924491127986,-0.10490695848283049,-0.6559834113739689,3.2176054586402807
-0.923384250592931,-1.0,-1.0,-0.295813585351111,-0.8991584195590758,-0.21220336234878678,-5.202514540390955
0.6049992978795493,0.4873050471425362,1.0,0.06336794300760995,0.32363518645842665,0.5590381013513255,-2.7261374718837152
-0.10076035053672637,0.5465839056783443,-1.0,-1.0,-0.6242759926528197,-0.3908646943194457,-0.8270653672619193
-1.0,0.21351921517683486,-0.1641370165299782,0.3449758338121097,0.39909315241882015,1.0,3.6388637725109136
-0.11587797621609708,-0.5664728863251998,-0.816364083032991,-0.2941666946353262,-1.0,-1.0,2.1658513816744547
0.8214390663921127,0.8896435272459238,1.0,1.0,0.7841249791359722,0.3763537954594751,-7.072945020535579
1.0,0.5457216694181817,0.6649306322360073,0.6438389500171459,1.0,0.9552408733835291,-2.4515978194372776
0.6810491062765048,1.0,1.0,0.34749866227253245,-1.0,-1.0,1.4189223089588188
-1.0,-1.0,0.042261609132304465,-1.0,-1.0,-1.0,6.995175429153533
-1.0,-0.9521290526890959,-0.553239583500879,0.6901609828303085,1.0,0.14979031011881366,-1.38334168593676
-0.933910304687403,-0.7987875971325016,-0.26971742036724367,0.43308210438585193,-1.0,-1.0,0.30024676608120493
-1.0,-0.6962534001537892,-0.24522604355284527,0.6337507391073143,0.5194882571074503,0.4035560603235137,0.51467909706187
1.0,0.47979109416358146,1.0,0.834039000777431,-0.5121850109914989,-0.1126031105524562,2.2448711461079562
-0.9495430040786708,0.3857904772502728,-0.7251304400889869,-0.7576566570464184,0.03186740139569427,-0.7280384611485325,0.9374401502142756
-0.2001851578164257,0.8593170303566511,1.0,0.23008912735168185,0.011586144582070523,1.0,-1.357388109213559
-1.0,-0.6850887054986,0.28719073608348256,-0.7851019470139072,1.0,1.0,4.554072287450679
1.0,0.012068446157078583,1.0,0.6995077390147588,-0.016863756289078657,0.03835865549790929,0.4607364645073577
-0.6023241739509165,-0.39614291186344863,-0.04700563747831099,-0.8313750971703359,-0.7078036884791058,0.19015147119221565,-0.2222156878405939
-1.0,-0.34480235920503843,-0.36331132988714043,-1.0,1.0,0.07778709814618992,3.578376818674159
-0.7358241867176094,0.12898316610200922,0.6745683022121027,-0.7606598572798647,0.25859636691826643,1.0,-0.583720126682933
-1.0,-0.5361343888066366,-0.02760303546678311,-0.554512867305307,1.0,-0.49852950800440005,4.84450041867345
-0.24346730496243052,0.4591658816440636,-1.0,-0.6606881632543038,0.3021443613814827,1.0,8.14776146409587
0.5515699935577261,1.0,1.0,0.3079475132505125,-1.0,-1.0,0.49072022505670043
-0.36320850967321094,-0.5305561672277366,-1.0,-1.0,-0.6870921675072916,-0.3165237665973777,-0.9835792919728765
0.5176089777685721,1.0,-0.5354737546703431,0.5949137924193793,0.8901090184944631,0.02359361167604157,0.09569741300975718
-1.0,-0.3010386383749273,-0.3703381759162854,-1.0,-0.5406963846349859,0.9540221691647564,1.015675882956077
-0.23925778271111098,-0.3044166710895446,-0.10972686234773343,-1.0,-0.23042462800129004,0.2174676868745481,-0.4745430769075381
0.3569509826069464,0.29614444080353547,-0.3940127466354213,-1.0,0.9410258129230138,1.0,6.080803396568112
-0.0512582478515855,-1.0,-1.0,-0.10722860777536103,-1.0,0.6001302195101692,-0.8949365660762205
-0.023067411788488368,-1.0,-1.0,-1.0,1.0,-0.7843127866064501,-0.3838273182713602
-1.0,-1.0,0.508006319511531,-0.27419756163187825,-0.13263022967840798,-0.1742782689435931,0.7760432218632126
0.7017235650833562,0.5118803104142058,0.8942453078775452,0.10127471775195551,-0.6858911307832369,-0.509566619921602,1.9314314446739993
0.5413989111309827,1.0,0.7751802402397618,0.7546915625926189,-0.28201843280028593,-0.20590871966511926,-0.49940340504621683
0.017962909425526474,-0.2320368146649885,0.2693437840686769,-0.6153678025441898,0.7501553135378408,-0.07875904312086679,-0.4121547610150116
0.1199605059838782,0.09666898129847423,-0.5186279002271724,0.769963666262858,1.0,-0.9778117821668472,-0.11182038220895811
1.0,0.5483358038793316,1.0,1.0,-0.4842039762359801,0.9330263248074102,-0.21885195955951298
0.708302368431404,0.9186006730047566,1.0,0.8481739290888788,0.5606051374108254,0.5358993939321555,-6.316098411616067
-0.5253839049007742,-0.9434617331640132,0.9517457948925228,-0.17318030451118105,-1.0,0.10327908627472199,-0.5595210115020568
-0.9191095784082551,1.0,-0.6108390037856825,-0.28161222824122,-0.616754687090639,-0.8730599676354138,2.361562213667185
-0.1327813833861332,0.028438982080668362,0.7180041621799573,0.27100237146652817,-1.0,-0.7935246474069123,0.022763727214230478
0.22126391511346677,-0.37080663120827284,1.0,0.7099794760006328,0.7254923166315735,0.1972121475358467,-1.2641961218453726
0.45901637495686975,-0.7007641534914628,-1.0,-0.741704771430145,-0.574231264260449,-1.0,3.6054461428592965
0.23858819454700814,0.3990222968981298,-0.6924391501475784,-1.0,0.8147583778375422,1.0,6.272978853333073
0.5337315455005449,0.4341868250452665,-0.13371682377088978,1.0,-1.0,-0.9709516024131143,5.663005078295251
1.0,1.0,1.0,0.5268208943737178,0.8964833161593785,0.8720472388174489,-8.543754894663811
1.0,1.0,-0.07644101151482907,-0.6509751362941073,-1.0,-0.6599196778620443,5.847938545975251
0.4113402163746003,1.0,0.14335035580310684,0.10092856482706392,-0.300379228759667,-0.5962990686344762,-0.07150203229440855
-0.7959307423606534,0.49945936834044563,-0.18963690296881716,1.0,-0.9339952057365402,-0.6118446628973468,0.1429150095342293
1.0,0.07005583384787151,0.10351288907833422,-0.30116978002537487,-1.0,-0.45398340892783007,4.274778403602989
-0.2735686115996755,1.0,-0.25530999431135565,-0.322756945625021,0.5655395584069283,-0.12478068661727426,1.0236578177014763
0.6693414289051636,0.16992891638524799,1.0,-0.8661916766595492,-1.0,-0.43655130024359307,3.2986853617852425
1.0,0.533579275684408,0.053332688048977506,0.9026673910540706,-0.3109129252666898,-1.0,7.032137155397251
1.0,1.0,1.0,1.0,-0.46213540849930346,-0.7949372969733408,4.1635385322257665
0.7630823013928417,0.029408696017614533,0.37657973164235825,1.0,0.4127025729006849,0.19010149805541876,-0.5598274868286303
-0.07153491829972036,-0.4054507908711932,-0.06881782563141758,-0.6286438438222703,-0.19111014648923874,-1.0,3.437751718416019
1.0,0.8958719971691871,0.0789505838360085,1.0,-1.0,-0.09392086343615014,5.536817260166525
0.6967327579129369,0.9530576437069781,1.0,1.0,-0.9313094623090168,-1.0,5.922536952123707
1.0,0.18667867642307945,0.7557878745594502,1.0,0.21310716643272756,-1.0,3.6801751389235093
0.07320900223052396,-0.7974952964273646,0.6289669572971983,-0.1830435902810958,-1.0,1.0,2.7376100901266125
-0.9447569988261286,-1.0,-0.2179996963648907,-1.0,0.23980188506978461,-0.5602657791356088,1.2140110896475318
-0.008092196780799976,-1.0,0.5452206542758897,-0.7972278142793725,-0.3813273974094247,-1.0,8.119340695244253
0.30587277702525706,0.398743803627067,-0.615567748964414,-0.1965865608001907,0.6536765459817172,0.3435830008534013,0.21122442750535464
-0.5282928004747665,-1.0,-0.3176428012628203,-1.0,1.0,1.0,0.9405346277093425
1.0,0.5396712924226211,0.08981532367268125,0.9209660325249172,-0.053949055124901335,1.0,1.658374090293716
-0.848810201609162,1.0,-0.1162706337773346,0.9675560610998452,0.4382803638102437,0.6397715408322899,0.42666908730377506
0.5181057039390501,0.24041410065322255,-0.21000061914320278,1.0,0.9490192373378991,0.5817191526876684,0.3873327031472136
-1.0,-0.36766886580689173,-1.0,0.17245894244365723,1.0,0.14254040342120092,-1.496424547908168
1.0,1.0,1.0,1.0,-0.3092072765434032,-0.7856195539245963,3.09927251836452
0.7519213025556544,0.041552379926425465,1.0,0.8369298639560583,0.23847274004103214,-0.40854683524346336,-0.26900332190825627
-0.8019300132073053,-1.0,-0.5095720043580749,-0.25502728465825353,0.05499946277893697,-0.29030942668844706,-0.6307167045339483
0.8132885193617274,-1.0,-0.6857969617144992,-1.0,-1.0,-0.2674643115548731,8.406455463903669
0.8612365641450679,1.0,0.3923658074848577,-1.0,1.0,-0.8780419801415114,-0.8125631723223476
0.16409684905198063,-1.0,0.1209949275471075,-0.011806080922618367,-1.0,-1.0,5.986787147494316
0.4197944282253557,0.4247295072982976,0.4115713476392303,1.0,-0.5070111619869135,0.17927026543943583,1.1879493784189679
-0.47670015803813437,-1.0,-0.8124791672236515,-1.0,1.0,-0.63402129333329,-0.3708005933059761
1.0,0.8643791394638835,0.7163708544869019,0.9904572489237122,0.903884037522707,0.5847806648398213,-5.6405961488602445
0.07478172035396616,1.0,1.0,-0.20119855027495193,-1.0,-0.8112738110744241,-2.1780738339733228
0.15453390546758922,1.0,-0.842261058117877,-0.35640985156249094,-0.8175087886917964,-0.8354473452639692,1.824336866412053
0.4619096100489378,-0.056554563204359365,0.8187378384634415,0.15946973107505324,-1.0,-1.0,3.6450882166005982
0.38433203265392657,1.0,0.8297654265869725,0.7224237478618346,-0.1291375763137726,0.6368637259715523,-3.311549356527346
0.6072940227794337,0.17749773480396436,0.31492715552258366,1.0,1.0,0.5842326880720518,-1.2997029896643615
0.44076166863316346,0.8822318270862974,0.12448463325331394,1.0,1.0,0.908822599253863,1.2972122642031299
0.04178246192817925,-0.35831937704748906,-0.4738220815481162,-0.2551961417538849,1.0,0.6570210291143925,1.3277190204427263
-0.321377882974353,-0.9018672012317427,-0.7125667769687909,-1.0,1.0,-0.556808692619983,-0.12457270106082463
-1.0,-0.9530627846143714,0.20059232972593144,-1.0,-1.0,-0.4210945414565106,4.476473379919949
-0.19530029465986715,0.6178544847725109,0.0001436728602009496,-1.0,-0.43391806303323666,-0.07832639881192494,-0.03201028162160979
0.8699797052763204,0.47775754996892394,0.7455156124821272,0.6527470318457997,0.0582439162604087,-0.31962694223465804,0.312509542523852
0.2854440227763899,-1.0,-1.0,-0.0402333832522756,-0.6838477026385816,-1.0,1.2417034843022972
-0.9167936538262519,-0.6608006317335946,-0.07811376041915731,-0.426394848249093,0.6185035592293809,-0.1259475599555846,0.8853731983658536
-0.09742066976032016,0.041194994262001475,-0.10519609619813242,-0.7744322867280602,1.0,0.4334221228511055,1.079259475691348
-0.5672455528652187,-0.3287978893107144,-1.0,0.27654018175698336,1.0,0.5307138296790525,1.9958713633511895
-0.41328454475277265,-0.7560479372237012,-0.9830067380686032,-1.0,-0.8289660957679258,-0.7688302151536185,2.4521929980888157
-1.0,-1.0,1.0,-0.7879975681514784,-0.30764653041735235,-1.0,7.0927291722300705
1.0,0.03802974074198329,0.19353134325133348,0.03715222164885218,-0.16733326742114696,-0.15534743295011078,0.6695008577600645
-1.0,-1.0,0.5514927156981797,-0.482031735659493,-0.869257165226144,-0.17736681048869124,0.9218625332830207
1.0,1.0,1.0,0.8019772608555524,-0.4682084912681539,-0.438123153532068,1.4817968185613704
0.044132349767064705,0.5745711845875994,-0.1281479326318744,-0.2460491805835815,-1.0,-1.0,0.12571175623973319
-0.007206322345273131,1.0,-0.2999149801289103,-0.052006605028235064,-1.0,-0.9134993677268342,0.3594479052867432
-0.6432117462589211,-1.0,-1.0,-1.0,-0.04182392041482727,-0.0540244714539137,-5.695423034307773
-0.6430430112203251,-1.0,-0.15017707156393245,1.0,-0.4352294269664288,1.0,2.655081005329198
1.0,0.19422370030381497,1.0,0.5994499109201766,-0.3950140634077589,1.0,-0.6810987995453018
0.8798016137443032,1.0,0.6352020630114519,0.7983529026802576,-1.0,0.0285936663568791,2.3359950254351953
-1.0,-1.0,0.48980612180998007,0.23063445872454708,-1.0,-1.0,2.392073013697382
-0.7607625672641667,-0.9305700197157742,-1.0,0.04296664466637701,0.29556667993272634,0.895097466259156,2.1895282282228337
-0.32039892083296384,-0.6074075121237306,-1.0,-1.0,-0.4566292206849093,-0.7842574182079796,1.350524042151724
1.0,0.7674220130225036,0.9537388141294842,0.17810489002205288,-0.07265905521731952,-0.1516455296179261,0.8240388417284308
-0.20778379121976553,-0.9223214026055134,0.040178873343560406,-1.0,-1.0,-1.0,9.349075375913474
0.17752119636296282,1.0,0.9941628449752007,0.29100365438013553,-1.0,-0.7092515030340345,-1.6424967176897185
0.1205284968597361,0.7599108506126613,0.501898187982357,0.4235207444264186,0.2254492255539814,0.3636129977082555,-0.7004883239025189
0.5522244770395934,0.6343923558785531,0.5203997694798626,-0.049223699424047807,0.3479153697279669,0.38160557396149597,-1.5546786685712493
0.02916120731686689,1.0,-0.3519350903429723,-0.702986317396516,0.01661223862583032,0.2136679075731805,0.4686011600284945
0.16954152760313002,0.11608768574970041,0.18150630344781912,0.747468672171129,0.6801810528282255,0.43243142196853035,-0.016013698474702243
-0.4543521815947682,-0.5733115183221824,-0.9397181036385068,-0.9619566012791091,-0.727114121441706,-0.6169603397770385,0.6800496446789027
1.0,1.0,1.0,1.0,0.10675731871472749,0.711965961403668,-6.103776635148791
0.8983932774895109,0.7898331040033266,-0.35148314511962575,1.0,-0.5711403119177659,0.23432540418716108,3.018663107876976
0.21569952954735222,-1.0,-0.9659898915145613,-0.6979195000136004,-0.4739415266651536,-0.5896755141879564,-0.053218841210455725
0.039988954744232585,0.2930366966023004,0.40294654562497545,-0.7666779793736074,0.7371636285944951,0.49249884089235796,0.8411303243308944
0.26015924088126374,1.0,0.7579373877490875,-0.03492278864516263,-0.4790595958566475,0.49086391438658766,-1.534625743440652
-0.6945433746054586,-0.6015045221705495,-0.5243243922315466,-1.0,0.5901660291489929,1.0,2.4010660115647013
0.4956100619276491,-0.03274918945350069,-0.717713140418554,-0.37430843048607154,0.11373729919250909,0.7536310389611705,2.3749578108305682
-0.2582145015887909,-0.39305704116355367,-1.0,-0.12318413251003912,0.049517059247555784,-0.2190732506030746,-0.38630744550699925
0.03107493436253661,-0.8837469448488829,-1.0,-1.0,0.31249233941909665,0.4689328739757539,-3.6498957802644636
-1.0,-0.7793191768815534,-0.6320947832343936,0.017818143203686576,-1.0,-0.6645766107078445,-1.822082245762471
-0.3225370487328393,0.7260401802839751,0.3381178280701902,0.5413375657163569,-0.5336502969287595,-1.0,2.227957213232597
-0.9091975100666624,0.4784702858765102,-0.390748114158174,0.490820044021364,-0.5871335028133866,0.010890763220087252,-1.0701877842540584
0.5291495975832257,-1.0,0.48085768973719123,-0.9400064218371169,-0.5994277784503644,-1.0,10.972886238249881
0.6276599179225864,0.26472152453823705,-0.6225122058397693,-0.41280499787095126,0.09879627396384083,0.7617803414730953,1.797744051305038
0.7305261110615261,-0.04528112134870632,-0.8528823356792699,-1.0,0.4483162420765168,-0.3420437045868049,-2.710226564297836
0.30457159660607247,1.0,0.46174175314935184,0.5506913976152578,-0.1033893017096929,-0.8279845988023302,1.7590578834658
1.0,0.8418485757354344,-1.0,1.0,-0.9554193446945798,-0.9971772006608914,10.399950150508355
-0.095074274967478,-0.08985763037040756,1.0,-1.0,-1.0,-1.0,0.6096839217636925
-0.566137107573369,-1.0,0.16376632027466637,-1.0,0.1537923028917281,0.8080786245315981,-1.8720075357322905
-1.0,-1.0,-1.0,-1.0,1.0,1.0,-1.6141523552153516
-0.595177459696207,-0.25722266491239854,-1.0,-1.0,1.0,0.7832664684153767,3.456126175091808
-0.9932543798519302,-0.6344471011070422,0.15229958328108445,-0.4933492412192179,0.030391682093111577,0.5493284294299507,-1.8086550879216583
-0.15556458531855943,-0.8528302541773283,0.20614981842494373,0.7614448613983126,-0.38708844658529395,-1.0,3.126480449253146
0.1930645052180885,0.5546348178355032,1.0,0.35946692474179653,-0.010434873473451713,0.2815055733621191,-1.9273037800197619
0.019904227413488185,0.8980634863711865,1.0,0.39645263804828357,-1.0,-0.5104618211894014,-1.2495598465343698
0.11998506400580133,1.0,1.0,0.2963512875785763,-0.1375597002427119,0.8615935576628604,-2.885391997688587
0.8725168154848733,-0.36546313060038943,1.0,-0.867334307670717,-0.3997156111776805,1.0,-1.4030313632441684
-0.9823394595388668,-0.1318814744947348,-0.035579098901969,-0.276588125109839,1.0,-0.28376734953398086,3.4514925183313876
1.0,-0.11633336494147306,1.0,0.7471649398494731,-0.843391030138533,0.6301090482012884,3.0687052519957296
0.523352735118603,0.15832894541566278,0.6970028923297682,-0.08084233844058863,-0.24316627938763957,1.0,2.0017559832268073
-1.0,-1.0,-0.7709664025049932,-0.728353808402944,-0.15279922156190962,-1.0,3.5873056235100833
-0.9098669440602527,0.28463285315992715,-0.21276607672509323,-0.7048209334956833,-0.11196559697554953,-0.22388979145406895,-0.5159750095481417
0.7431401672299975,1.0,1.0,0.9653936657284803,-0.6494091573431658,0.08919172503817363,0.8164314387646547
0.6744664312617938,0.9613707776876104,-0.6085332573242286,0.5824726948754266,-1.0,0.0044096344494782835,3.4928483456945014
0.6040594383297899,0.23319887175462783,1.0,0.22759188869649916,1.0,-0.08303692989099026,-2.548318095922383
0.835954550797281,-0.3825333772879411,-0.0034967309188311257,-0.17326031348129767,0.1015926288409783,1.0,1.8274079789431963
-0.438453613297998,0.9136471749752334,0.5381527838425154,0.049755233052010295,0.40355035613227286,1.0,1.3124042431340155
-0.8225136531183654,-1.0,-0.7226012150738912,-0.9027330513917093,-1.0,-0.10276707973929233,-0.11190872303174562
1.0,1.0,0.5855137872874369,-0.01045393327327282,0.851492460705389,-0.5668170921323155,-1.90715456656736
1.0,-0.7415495367831293,0.6236787433514213,0.5817064252835185,0.1766149120177783,-0.7646136481741209,4.353881152453113
1.0,1.0,1.0,0.1437024579325783,0.7443322117004547,0.28142621724886857,-4.828520460641129
0.47008343817321485,0.8316579029968629,-0.12572633735537023,0.7450168840673882,-1.0,-0.4540506286622479,1.999454694725627
-0.6038448252396571,0.8973275910690343,0.8817469803083293,0.7337940917765349,-1.0,-1.0,-0.8145224525496
1.0,1.0,0.1302737144317678,1.0,-1.0,-0.6363739658489378,8.029480149485961
-0.7684231188197139,-1.0,-0.008387747625066222,-0.07359281229233616,0.10649687794516755,1.0,-0.19895326132356483
0.49022354300669124,1.0,1.0,1.0,0.2528338980143357,-1.0,-1.5059859076082485
0.9793561562473859,-0.03729896614988676,-0.3730146797175824,0.5574189425998177,-0.7625784795680974,0.7742362254281727,4.8396699861313515
0.8280884579617968,0.8445300385626591,-0.33946389991638026,0.6948604092447874,0.22516282451712938,-0.5386854087064898,1.6473803323938654
1.0,0.8710732242663423,0.1582082771591915,0.00024163526535658786,0.33481053093759006,0.6991414040930691,-0.018655272575168733
0.8786781374827228,1.0,0.44483577384409023,1.0,-0.7563462714485856,0.6906635624101849,3.914477740075993
-0.3182910007145641,0.37404274117649616,0.6503709982055658,-0.061629594947046396,1.0,0.3683665619646852,0.2752914297160628
-0.9784105078261502,-0.4062686727229263,-0.013548125643114695,1.0,0.9063962572052221,0.0425907012879887,2.5752829722868706
-1.0,-0.4291022292514824,-1.0,-1.0,-0.31823687356211217,-0.586948438550668,-1.0044327539419204
-1.0,-0.40968798528894335,-0.7065057645269561,0.8078120099687947,0.09295201781489186,-0.3164828399156987,-0.864128206055778
-0.09810368661465657,0.24277000649672292,-0.21683071685542538,-0.1943639146220611,0.6755906046494774,-0.8805867224552766,1.6720170560098935
0.5763846513454982,0.7449096880105603,0.35824253646805393,0.22515176037802664,1.0,0.4917832049759052,-1.0174500204080072
0.5596273912960517,1.0,0.12465100596543843,1.0,-0.7997277862928789,0.8405897118716815,5.087086529321229
0.4988819286646309,1.0,1.0,1.0,-0.7615315487948042,-0.8198611641341487,2.360192265181565
-0.42558280537630694,-0.3360409835403272,0.2791858258028841,0.2620222368655175,-0.8713583665508837,0.9032905628378632,0.20308259070085588
-0.27276624867012333,0.6293113490950575,-0.4996443311654398,-0.3610714574292669,0.24298779306816276,-0.9272476924887234,1.6682392518967013
-0.7673920664229115,-1.0,-1.0,-1.0,-1.0,-0.002537796411276272,-1.791575316335678
0.9596000725624891,1.0,0.913531185299826,1.0,0.2535018317009343,-0.6296012550132618,-0.28676898848540144
-0.6337901288904565,0.18708169428616775,0.1927063497344219,-0.9066134988911296,-0.5775512083585919,-0.3779141863040744,-0.25462356516030915
0.6812279013375976,0.049512529096264024,1.0,0.6382746209040067,1.0,1.0,-3.537438968465808
-0.1739156063754166,-1.0,0.5087104378578173,-0.8380224104346786,-0.12969371762558513,0.035113676997475585,1.2904669562589421
-0.16147395558874078,-1.0,-1.0,0.31599394786578816,0.41745903875587576,-0.513632995117072,-2.428845875071584
-1.0,-1.0,-1.0,-0.025799336931005223,0.02417359243943981,-0.21144759135181498,-4.828162379064387
0.24865467443162448,-0.3986420004163257,-0.326763517007821,0.13035408794605458,-0.971761641430912,0.48070042489393666,1.599343074205354
-0.5192933998240175,-0.39816958796264457,0.2263453979388083,-0.18433769741591144,-0.13851936900451123,0.11624061819980802,0.1180516611302081
-1.0,-1.0,-1.0,-0.5275802861101386,-0.1322007592355514,-0.6152376566978426,-1.534176844248306
-0.6921701289811737,-1.0,-0.8207474099953573,-1.0,0.5056397823993162,0.18660056315752716,-3.670693950254699
-1.0,-0.43535486936952594,0.25335405347713824,-0.4281936586248378,0.13369524153799894,0.7821692976776285,-0.7780634871705916
-0.07189191177242404,-1.0,-1.0,-0.048832409676427546,-1.0,-0.35565201969397764,-2.109146167288939
1.0,0.8012249318024665,1.0,0.9460568071670574,0.7333317993840609,0.3683504118678438,-6.681416372033079
0.41089442134759535,0.08715224267363597,0.40484436338905916,1.0,1.0,0.5445047116825592,0.2918266636289709
0.40776054867709205,0.4783293937250398,0.48337844221299475,0.3761066852157122,-1.0,-0.2992389961642301,1.7491539388527046
-0.7897863828448619,0.2904336693231635,-0.33372592375200605,-1.0,0.08463365057882968,1.0,3.7073076448352276
-1.0,-0.7500630799300043,-0.9668956488723186,-1.0,0.737121663226739,1.0,1.4232169183692376
0.634226550835453,1.0,1.0,1.0,1.0,0.33357301355278013,-8.08070895734587
-0.13048401136835747,1.0,-0.7223630856261531,-0.6145924979504713,-0.6233170594436982,1.0,10.48099810245319
1.0,1.0,1.0,1.0,0.5466439588310695,-1.0,-2.985756226392581
0.6019173475364675,0.7308852130200851,0.37462075726374733,-0.1576329610520647,1.0,0.24038494288273382,-1.5226181843406936
0.7832786361044544,0.8103401136146944,-0.5028894521937908,1.0,1.0,0.4755835760030734,-1.7663165667802143
-0.9253758047601425,0.4396224285322541,-1.0,1.0,0.3679815204297616,-1.0,4.966876637288161
-1.0,-0.4046941711845038,-0.05351142969619693,1.0,-0.08432147079495889,-1.0,2.2100641406576504
-1.0,0.2451668360593403,-0.6608502021143989,0.6244471397865663,0.6194046950834913,-0.05141475940351653,1.4435308343161544
-0.5808472154906572,-1.0,0.5454184989995654,1.0,-0.24728358673896877,0.8256566813794216,-0.05894755237756988
-0.44051175841331464,-0.8900677059435282,0.49649294680511497,0.8286694118088805,1.0,-0.6022676120218066,0.8103022670243787
-0.8833766969088197,-1.0,-0.24127100774939625,1.0,0.4338374546567282,0.1816682704909733,-1.2646860573168328
0.27330783228539635,1.0,0.9204326652823209,1.0,0.5293122647337883,0.09614890973944423,-3.8024007384977363
-0.2768950759851576,0.3075427948775771,0.6408558888779794,0.533361691935948,-0.3176221767985252,-1.0,1.83902579806493
-0.15047156721752397,0.3358716334534333,-0.7137165971883915,0.6768121740038234,0.7666896088267239,1.0,6.868890311703366
-0.6761369762676487,1.0,-0.30235114040093636,0.045900899990374,0.3890745607210451,-0.09527094878860143,1.1834975518492834
-0.3707875261049032,0.11636720056257738,-0.10550448606845975,0.584707915691703,-0.2000967639874467,0.47070912197321213,-0.06947819791819104
-1.0,-0.5359021809620206,-1.0,-0.10934566201777218,0.547527544480519,-0.07752605821867087,-1.1766058130566726
1.0,0.5400262701848844,1.0,0.9946171202584326,0.5029707282249748,-0.013055625407272453,-3.7754402837628067
1.0,-0.2578909436628201,-0.24544032011811512,0.02446052481855715,0.4410341096295052,-0.2169338392279409,-0.8480715455002544
1.0,1.0,1.0,0.9602476765517913,0.7462215666765937,-1.0,-4.725255175545103
0.6838915439196686,0.6228492808428734,-0.26776220162792447,1.0,0.7473203847532339,0.44588583424150885,-0.9248933437156279
1.0,0.13177642702721482,1.0,1.0,-0.6129669682936459,-0.19394469304677364,3.291717405219448
0.11083572560722443,-1.0,0.9289519815394056,0.7723280816405568,-1.0,-0.9928897727188142,5.009486630910407
1.0,1.0,0.4367363663403629,1.0,0.21400658545042073,0.3727504650357112,-1.710590390244553
1.0,0.8369826894342893,1.0,0.7943562734159865,0.9928008267517581,0.21165645119056764,-5.705653106493615
1.0,-0.32536424667650926,-0.6660190165379309,0.3940912963949522,1.0,-0.786348776885091,-2.6257850923568937
-0.29399833575212386,0.34528424677162883,0.8250336552018807,0.615134415566345,-1.0,-0.20216511244080693,-1.0796256223092473
0.025157420291676003,0.056782839809213614,1.0,0.46530325083372936,0.762012851156018,-0.3087914111263237,0.10098175214186933
-1.0,-0.044414317217028876,-1.0,-1.0,-0.11191353260749565,-0.12126584633087423,-2.169914198787454
0.8725063251526909,1.0,0.6106831417326612,-0.598701793561378,-1.0,-1.0,4.469164459839594
0.918882932200803,0.5200893452777482,1.0,1.0,-1.0,-1.0,7.535062053334145
1.0,0.37748066576577743,1.0,1.0,1.0,-0.6954315161665723,-3.9114472836530756
0.3062180957049592,-0.8777589047670956,-0.44958772221395127,-0.07210166711461596,-0.8348012371118452,-0.42554463387870245,1.1508343740477116
1.0,-1.0,1.0,-0.8825309642440933,-1.0,0.8368927426618673,11.422267928130294
-0.11121425034066654,1.0,0.8034407235909795,0.7239075856686766,-1.0,0.8630279471781689,-2.1970558866302152
1.0,-0.11109890568119107,0.01420618328314649,-0.4700255150979288,0.7557897964665974,-0.592936740396974,-0.25939154300768075
-0.32421872940103647,-0.6529549147511697,-0.9520283672826607,-0.14807190435182055,0.539031552567687,-0.6515410347728994,1.042404078492443
0.519859388981347,1.0,0.5087905916223038,0.8850529823161107,-1.0,-1.0,7.007118681717397
-0.16443980644490686,-0.7008001903089511,1.0,1.0,1.0,0.31729880490063767,-0.9498257701348194
0.7133658961335408,0.6515097650005011,-1.0,1.0,0.8599849049719817,-0.5991931863031481,-3.026564812599974
-1.0,-1.0,-0.7486013114311292,-1.0,-0.324352061321315,-0.8393846191844317,1.42083494354099
-1.0,0.1016824230375662,0.8774427216751381,-0.4046247640106421,-1.0,-0.29979218721936385,-2.644596367632888
0.52132894863381,-0.0871095305905098,0.3101809160482968,0.788433051616894,1.0,1.0,2.2228611193340835
-0.20957523886829588,-1.0,0.7725206844007513,-1.0,-0.2512857613602503,-0.2879068745517673,3.7149016040065743
-0.5963676352822873,0.29968004262467396,-0.32235538516614054,-0.9588390710503912,-0.608989045872818,0.6667521071606013,1.630411771476904
1.0,0.3934849447631611,0.5206102975981812,0.3602323221739965,-1.0,-1.0,8.077960429442426
0.733544406652688,-0.349648712849561,-0.12996993542967514,-1.0,-0.13172141317653185,-0.5366773841516579,1.3812102437592633
1.0,0.5658120595723202,0.40411327456836654,1.0,-0.6040226451478093,0.1231501293971235,2.002892611277651
0.43592322568294894,-1.0,-1.0,0.6954459179305054,-0.2859281535431557,-0.19865605509642326,-2.062064107146202
0.056866995203217474,0.25511135358452963,-0.21146205702518217,-0.5167345031331008,1.0,1.0,5.443946164630241
1.0,-0.4088072762752054,0.8838305229231151,1.0,-1.0,-0.897178844333953,8.323147446838302
0.49239678131870573,0.4186001990370929,-1.0,-0.042848215788223405,-0.9397459570878136,-0.9561056638990091,1.54997547096515
0.5101272033855417,1.0,0.04348022385306527,0.4408147530614195,0.5142540208688783,-1.0,2.4108230664309374
-1.0,-1.0,-1.0,-0.7890050775489443,0.11869551422807179,0.7943855510905979,-2.6730557244639113
-0.43109398862057513,-1.0,0.4815788318626999,-0.19647013211842462,0.4720506405955682,1.0,1.2771228243720505
-0.1342837523605327,0.2399013180614939,-0.533803210345183,1.0,-0.11555896292937717,0.6107923260301461,0.33045671709050795
0.8640535672245648,0.8355780076020369,1.0,1.0,-0.0010824735326895873,1.0,-4.513337752608125
-1.0,1.0,0.8673424156655611,-1.0,1.0,0.5736738947088551,-1.272432355257501
-0.9167081047531407,-0.5936304950757127,-0.1182448754466161,-1.0,0.10991956951371595,1.0,-0.9115214150449303
0.5384752348154647,-0.22631138593544897,-0.5682975372911155,0.5915163895283079,-0.21622064434643556,-0.650077413509804,1.5183372663920784
-0.2618566430815743,-1.0,-1.0,-1.0,-0.6653170975408285,0.392157302322105,-1.9986771213741723
-0.38524898661131557,1.0,0.28778423729868136,-0.5653868825379222,0.8626018529104216,0.45454651272726143,2.22919264774449
0.8155028080578026,1.0,0.17226561859457223,0.4890791300853021,-1.0,1.0,6.4484633612662945
0.6865071825517963,-0.22504111662211634,1.0,-0.5058255386354216,-0.6029488668408515,-0.09274890515403184,1.8658396574924654
-1.0,0.096657871458812,-0.7928308528732697,-0.9088012553083797,0.055843884893021334,-1.0,3.359541489803304
0.9900720516642649,-0.7435035958071393,-0.6695181268313422,0.6816433295572025,1.0,0.979716326253196,-0.17572269874725913
-1.0,-0.9976042706884587,-1.0,-1.0,-0.1208581723093764,0.8856588791038462,-3.3691836458713933
0.04506951487503774,-0.43968236281977907,1.0,0.415114854460268,-1.0,-1.0,1.0504314456453567
-0.12047891950909884,0.6050656142738273,-0.9252590631090152,-0.44297532525461547,0.6452556639657137,-0.5670464024596743,0.21147966440821436
0.4066213404306556,1.0,-0.26258800167774865,-0.4642040491490328,0.7414206147532738,-0.2865366260611902,0.283462398395109
-1.0,-0.5403429553946109,1.0,-0.7780122928800794,-0.29506757599740957,0.24895630460520068,-2.3132127499185215
0.1600137919237013,1.0,0.3049372348731164,0.47051332484214303,-0.23102845949314432,1.0,1.5642147265168607
0.48292678127687655,1.0,0.8652351256676973,1.0,1.0,-0.504013696480717,-5.5243133334690855
-0.8835675420392534,0.4940319442530105,-1.0,-0.15423846324460744,0.021737576935889624,-0.02530555191511491,-0.12452505065860536
1.0,0.026466593163331886,1.0,0.40803167342174707,-0.5448196245642573,-1.0,5.723656580738739
-0.8552411154591281,-0.3106298379782939,1.0,-0.5055388270953781,-0.3771438468526386,-0.8563562911557272,1.161784007176798
0.9797765144856994,1.0,0.8893594726200995,0.22924939145750556,0.1769841627019002,0.8268518056079854,-4.046416845447773
-0.17098687249091127,-1.0,0.02001761599788293,-0.05091736871641417,-0.3169088800862704,-0.3623369935967954,1.743725230298956
0.26329060733572185,1.0,1.0,0.38050238379867185,-1.0,-1.0,-0.489666847882291
-0.16472644032125477,-0.550685511599198,-0.17867252300752046,0.8035160616710149,0.8455135554032664,-0.11219633666506473,0.9371623396556219
0.13665674596030228,-0.18334012966480207,-0.5133069965202562,-1.0,1.0,0.4216875594198774,1.7203610177461957
0.2966892628818487,-0.19905035880770194,1.0,0.13970388811289158,1.0,0.8496341236088094,-2.3760677699436545
-1.0,-0.8033420482155611,-0.9388926959088777,-1.0,-0.17247440303575912,0.8125387773704609,-3.3392123467763004
-1.0,0.5224113886078556,-0.011162816214182414,-0.654992582715926,-0.8833324731203007,-0.2721987103927288,-1.8050140806607757
-0.35023442892490997,-0.23496636059662324,-1.0,0.18725862794876547,-0.07489765574896934,-1.0,4.630506449075911
1.0,-0.6193866451961657,1.0,0.22893099357514646,0.3001009583035372,0.394320122653332,-1.4779338418512857
0.4158373188023945,0.07479013081581462,0.33107620658216275,-1.0,-0.7427443282175203,0.4136794320217817,2.5789195789191655
-0.051284362252065785,1.0,-0.5145624204356475,0.39044272415001524,0.5631959521960965,0.3185884911447921,1.6729621810010833
-0.6130005752859836,-0.8404669763964674,-1.0,-1.0,1.0,0.8505443644038291,-0.22941246801294377
1.0,-0.9903475684900727,-1.0,0.2522171720207356,0.41457270159138376,1.0,-2.0190997718491417
-0.33802507355852685,-0.7390992501084858,-0.34966631525305925,0.1966168679049296,0.33309601208082273,-0.38153321421133723,0.2922810635971496
0.6187265397273769,-0.02352271926476196,-0.6871605827606546,1.0,-0.1508098047717732,0.7916892443187724,1.7560134281521937
-0.07055060821475356,-1.0,-1.0,-0.7065066084994969,0.969438129617758,-0.023120323415456556,-4.372452327535939
-0.8895125028766689,0.49064243776684463,0.021482189919802858,-0.5343041142935389,0.8881009876358312,0.22312232269483723,2.5546387486583493
-0.6019478008302999,1.0,1.0,0.07033879472792903,0.019354772604229464,-0.3864437476480553,-2.3230383164728714
0.38677396460641805,-0.17386647269166128,-0.23013513148537412,-0.18201472802428462,-1.0,-0.3344546140038839,0.5287201104780275
-0.07249583554864486,-0.2870136538343518,-0.4099730550549345,0.1412928594901689,-0.2910548526331683,-0.5095663073637364,-0.35714345292759514
-0.06186479474319451,-1.0,-1.0,-0.5439150820335967,-0.6636411553946217,0.5105451515786612,-0.2508818984367289
0.3387234744235358,-0.5594050293737831,0.40891651082166464,-1.0,1.0,0.5726066195490132,-0.10656614590582414
0.9406098453429965,0.6456053511485356,-0.11522934148541919,1.0,-0.1317929218688766,0.7781474200886703,1.3496511523652304
-1.0,-1.0,0.4422508788903596,0.031303082479751776,-1.0,-0.3655018426603895,0.14662835379632408
0.48397301956684613,-0.34545208519508847,0.023571467427560222,-0.219845667353727,-1.0,-0.8579423538442807,4.421565604995559
0.8226686028491313,-0.6862635640365298,1.0,0.7469966201430287,-0.24117817149781673,-1.0,4.889540359828619
-0.5321514508319376,-0.5218520198457457,-1.0,-0.5826664406183746,-0.37599867531449305,-0.3288332385750376,-1.1429960675399249
-1.0,0.8837746563811836,0.15543828612810345,-0.41719445941781924,0.057583639982901974,-0.8460516569408406,1.1460338433144852
1.0,0.937326417711035,0.18840137159396797,1.0,0.7715900692905597,-0.3919761518478622,-0.6095199456105922
0.1691570675716225,0.40704207468736947,0.04688918660695268,-0.1510162163136675,1.0,0.934885291870597,3.5170014869680983
-0.2771933297187845,-0.429280739188606,-0.2984447597321749,0.5232073020013417,-0.7226735014724082,-0.23242486531252982,-0.6454398413508051
-1.0,-0.027272525712629392,-0.13422391579282522,-0.5588455238701664,1.0,1.0,6.253323277600556
0.7438212977134083,1.0,0.709070337977981,0.8112441259743653,1.0,0.9233577591679634,-4.526199789182206
-0.33736084144537093,-1.0,-0.2646130255568637,0.01226971998849935,0.058703906790460114,0.4524400106721391,-0.41733652546933603
0.1122396947828484,-0.5150126555055254,0.0607142694436541,-0.888293166468084,0.0028127601291996207,0.37988183894102634,-0.5075429574262867
1.0,1.0,0.24234483340704094,0.021012297915586564,-1.0,-0.04793822121479957,2.231450553283168
1.0,1.0,-0.08960184244879807,1.0,-1.0,-0.2792138210500319,7.0426453408405685
-1.0,-0.30144492080222207,-1.0,-1.0,-0.10375269248698316,0.8666584073826371,3.313589703270036
-1.0,-0.22810676917305517,-1.0,-1.0,0.3233792105512657,1.0,5.8776472574985545
0.8246536236714082,1.0,0.5685276602661112,-0.4614360132130162,-0.7434301607613153,-1.0,3.87163126169634
0.7077431080861125,1.0,1.0,1.0,-0.15411338513463316,0.08936799842321352,-2.021244430863568
-0.7326755893216346,-1.0,-0.4962318856052146,0.8643979096785889,-0.6169433620819567,1.0,1.4847868345217732
1.0,0.9225692286677197,-0.23190900539373407,-1.0,0.8992695132969437,0.2319139188779646,0.9271204315348516
0.6235651551669867,0.5514712674341113,0.37859105372852947,-0.3307149490912095,0.17567297394201575,0.9403926772011271,1.3159542382626106
0.6689018185527067,-0.7925811941102989,-1.0,-0.13950744989867486,0.02608240021819297,0.6304300260226494,-0.5594266796270143
-0.8009149514287726,-0.2802611443474161,-0.4290630310772192,-0.16103280943136467,1.0,0.3787008624462471,1.4777051533047807
0.16666414174307947,0.42631657128197514,1.0,-0.6010750284806332,-0.6670375011083464,0.5178954737009096,-1.5525224351189562
0.6286485418753447,0.6497877003546961,1.0,0.15413298287866972,0.6255792159821028,0.23958655739216023,-3.0857684567974752
0.407912635099583,0.5133399004544417,0.510024243138975,0.006271006455276618,-0.3801774777070869,-0.2889415793884068,1.5434950632819164
0.8001455460407023,0.19822745443887246,1.0,-0.04021898522550971,0.19828924098222261,0.675325810852275,-2.220748434314179
1.0,1.0,0.16778184780777428,1.0,1.0,1.0,-0.4135838620021014
-0.9278558738420276,-0.7759983082854158,1.0,0.6768869790173817,-0.013376931667737901,-0.28402153661705615,0.14350083852126028
0.17560574603243495,0.9091958371850565,0.5454581218762545,-0.16708225868386,0.10662342912972766,1.0,2.4235009918938415
1.0,0.6010436758139578,0.19870479363760984,1.0,-0.12117039794870535,0.14234333798338006,0.8060754062510667
0.7483523056194159,0.9999691979448448,0.9347413956799635,0.49467371317819,0.8754895106531505,0.31155603932694176,-5.7691257016879
-0.42164349210772034,-0.1289277897617208,-0.154807682959494,-0.5147008247064684,-0.567269408311458,0.6038929926936618,0.4938057237509147
0.09307296704774237,-0.2652194231650783,-1.0,-0.0733294778789213,0.7629227502495762,1.0,6.429084247771567
1.0,1.0,0.8225309691959656,0.7654212225925816,1.0,1.0,-5.800288128028561
-0.9294748277877427,-0.8025873197930717,-1.0,-0.841758401255055,0.17251941869002774,1.0,1.3999259354945772
0.7617538470033405,1.0,0.25809574054827245,0.5418584752582682,0.08214553320909773,0.4317340867793094,-0.5715234727707504
1.0,0.6511349602652525,1.0,1.0,0.38267139013830664,1.0,-6.129261462820437
0.9355226558872467,0.47344394240074417,0.007237797004175706,0.31597233584744955,-0.5899343731498885,-0.5748430702451237,3.0970146615401184
-1.0,-0.9322238937458953,-0.5142459383009376,-0.37336232434339167,-0.427806121400292,-0.4876781210323628,-0.7006590670110976
0.10140520883775417,-1.0,-1.0,-0.2678784602425086,-0.9429209854124573,-1.0,2.0109562443866706
-1.0,0.5083966771256136,-1.0,-0.8605691676902616,-1.0,-1.0,0.39084993766389176
0.10831938478838476,0.11764144426786372,1.0,1.0,-0.3413795555570909,-0.1343112053641219,-0.8757326530280587
-1.0,0.2144315430946112,0.45026071706670273,-0.6141956892762614,-0.07714541480769366,-1.0,2.666264531874436
-1.0,-1.0,-0.5412412324329305,-0.32383893712744183,0.6000089208688402,1.0,1.61362132647338
-0.5775810714073618,-0.7057713266401031,-1.0,-0.37865487059700986,0.2104003349779594,-1.0,5.2008405277133365
0.5352514134749672,0.9941799087360788,0.9350846072624537,1.0,0.2174176792107284,-0.36982184711079136,-2.774256808953019
-0.5292364437614198,-1.0,-1.0,-0.6979586148780299,-1.0,-1.0,3.145088777549117
1.0,1.0,1.0,0.3189129819796004,1.0,0.785527964002949,-6.496770090649948
-1.0,-0.9049115475151699,-0.5904680241582961,-0.6803815276708434,-1.0,-1.0,2.816586587614732
0.24904980128354548,-0.019883966346874005,-0.2412151762516389,0.15209581792538107,-1.0,1.0,5.6488642939319735
0.6730501058634389,0.5533317644936133,1.0,-0.6133204697015813,0.4103092609549762,1.0,-2.247428689159741
0.11893088157152298,-0.9813976350429809,-0.1576233926206363,-0.018929871845668078,-0.5649868195669762,-1.0,3.8692331643627953
-0.43650952284872235,-0.8687003098346642,-0.24987962500662042,-1.0,-0.006374669232609653,-0.35902240941513763,0.8252757491087992
-0.20193081866120074,0.5517500571442201,-0.03410366282164867,-1.0,0.11799355058447125,0.257720324338179,0.4229601548116079
0.7741027869077637,-0.815107409878734,-0.0830826299276532,1.0,1.0,0.40599818130339016,-2.237835614832284
-1.0,-1.0,-0.9901862384306617,-0.5031073889975282,0.10577205273187484,0.1900018173034455,-5.169410174700333
0.19723849432799057,0.652455882773896,1.0,0.16243850150603278,-1.0,-0.09418571260403774,-0.7894757039005486
0.37196018367873507,0.7155085317109011,0.7444429948176987,0.0748136169455983,-0.5824830509286425,-1.0,2.5122869541808486
-1.0,-1.0,-1.0,-1.0,-1.0,-0.41378858506182004,-0.6990038783656815
-1.0,-0.2908884383686932,-1.0,0.552680901044286,-1.0,-1.0,0.8656144201626536
-0.47597968453754325,-0.5689232035135856,-1.0,-1.0,1.0,1.0,4.20804968619575
-0.3649828213081099,0.32268963247715177,0.0446677776413128,0.5542657422777174,-1.0,-0.8148280007901292,0.1167665331718413
0.6735434182476683,-0.9676649974626759,-0.6961306999281083,0.058449030200337565,-0.2847540949898244,-0.43578197353287007,-0.17445419678590018
0.7902280387286855,0.9990996553266728,-0.0943601405582688,-0.5717848344944602,0.6461813876957381,0.3309645344281402,0.4245241501069525
-1.0,-1.0,-1.0,-0.8269129504609106,-0.7487659330692751,-0.2690596384528561,-3.7285218365422135
0.5867443965111804,-0.5090544747981098,-0.12192245448229383,0.5323260692171576,-1.0,-0.5197411159718865,2.790592890383234
1.0,1.0,0.9106303777159706,1.0,-0.8348798490213466,-0.21343828631628495,3.5205251799028447
0.36008771579754906,0.8359198629908446,1.0,-0.12505528899865312,0.5811489829572423,-1.0,-1.5105822953289907
0.619172356409069,-0.3358181561172155,-1.0,-0.4717784621392789,1.0,1.0,1.8613970556532218
0.238556562324723,-0.38398243031910767,-0.8473863355049561,1.0,-0.561183063585954,-0.6536754486003037,0.12051582985640485
-1.0,-1.0,-0.34881334290362975,-0.8314697747541948,0.4334105463639002,0.110213332712642,-2.163562894612995
1.0,1.0,0.153848066815381,1.0,-0.9433072341240495,1.0,8.43664269964588
-0.42899239949152135,0.7962357488929097,0.7300594913463831,-1.0,-0.0772131335840529,0.036934988556268006,-1.7739537239172571
-0.3768184057239191,-0.9212405652609865,-0.4350602132126251,-1.0,-0.453783440609961,-0.8637561835032039,3.3083497719823045
-1.0,-0.429322853559032,-0.5273910015810855,0.3900652889494088,-0.9924080598650198,1.0,0.6406517591121133
1.0,0.1717700590968907,1.0,1.0,-0.7239576200746181,-0.8565457261835314,5.952303891997231
-0.10762830650680263,1.0,-0.7144312087323245,-0.46205968995305724,-0.6776049703993937,1.0,9.692190461402422
0.6470803994990902,1.0,0.2285558031565355,-0.35255504956740874,-1.0,-1.0,2.7269879218392274
-1.0,-1.0,-1.0,-0.06435212131879409,0.22270989875050995,-0.3585802804414754,-2.321854698205283
1.0,0.45554094882346563,0.6759661477117043,0.17028870908320193,-0.7728350364113694,0.5648961860404946,2.811475158206844
1.0,-0.37184575738303116,0.8803782077190504,0.8403297868646581,1.0,0.1678960056041594,-3.3246165113972674
0.5234130426687809,0.9370378464007016,1.0,0.5739864435207278,-0.9290154060285621,-1.0,1.7284501945295108
-0.3525009738993874,-0.8844508148021404,-1.0,-0.8253159984998342,-0.05227742653425427,-1.0,3.865091151941312
1.0,0.9449376073744903,-0.5146441897730943,1.0,-0.0320110925058672,-1.0,7.012053555835333
-0.6095666417449908,-1.0,-1.0,-1.0,-1.0,-1.0,5.5146539354348905
-0.37981447577637817,-1.0,-0.55435997559037,-0.14421487666563224,0.2842209218607368,0.9227480924797402,1.2882021203823906
0.8781821763461959,1.0,1.0,1.0,0.10520338771326135,-0.536543774460353,-1.6916160764465074
-0.634085097558065,0.16593615175992837,-0.7042968740019062,-0.4794512635851318,0.3118216093797045,0.6728503065559759,2.440609179751339
0.046159481560537285,0.8171958883667992,-0.1103857579376673,-0.5900118883663819,-0.3316520363287933,-0.011400070993630274,-0.18814304275235827
0.42193839798714333,-1.0,0.10321795809541481,0.08123808778350095,0.7904222893966334,1.0,1.145086136193985
0.5937699596689288,1.0,0.7382916661640695,1.0,1.0,1.0,-4.422462813905975
0.16481648969337326,0.0408445671820451,1.0,0.40562264098127865,-0.9265445969221588,-1.0,1.0407516761417925
0.17463040025052812,0.18859146020781725,1.0,0.9657053118480987,1.0,-0.6285686345215568,-1.6264053879112483
-1.0,0.10452201034255236,-0.5540164709830052,-1.0,1.0,0.6134544960255623,5.8704974967412475
0.18319082352687222,-0.8910546491773466,0.7521624085962468,0.9556402661749852,-0.9035746263626759,0.0853053268546971,2.928794050967336
-0.3180990960318786,0.5620607451981429,0.47194819562377655,0.09513429774951113,-1.0,-0.4885224301296116,-0.7757797905139707
1.0,1.0,-1.0,0.4444484455408497,-1.0,-0.6399455366084368,6.548073731369462
0.7567563557227553,-0.24516431393172874,-0.7391143627833854,-0.2848348127858593,0.05640312757420701,-0.9653819052273218,2.102382696073667
-1.0,-1.0,-0.9621121323646651,-1.0,0.3408933934754096,-0.03551493002373271,-6.771827497524953
0.6204500828184413,0.21173553221610386,0.04817074009190714,1.0,0.3875986285579447,-0.17749881179963545,-0.8646821941053491
-1.0,-0.7416099981866383,0.44986511380577143,-1.0,-0.7162190122170621,-0.6846121641918065,2.242851890113034
-0.3086695323675318,-1.0,0.5688719427122617,-0.17958237471450939,-0.4303748622576522,-1.0,5.322296664306423
-0.42443996011527374,-0.16247320749614136,-0.19008282409009103,-0.060201155386226946,0.6260635408051786,1.0,4.309302078945611
-0.16249808326184312,-1.0,0.9432920409868917,0.14345222924430082,1.0,-0.7201015269697755,3.1411502105922477
0.915446827046877,-0.5576996543636277,0.4628092310273244,-0.8970993020566111,-0.5857111778866279,-0.4286778102268729,5.497006159844253
0.09304991202216906,1.0,0.2799318347503279,0.810854069156868,-0.5942057968533091,0.025404945988929395,-0.22949544023101642
-0.6110845965071926,0.5370272904558504,0.04014262292248705,0.4522999550267795,-0.417475501201503,0.04672210872189386,-0.6021661418803664
-0.4075035157631798,0.10402105702803643,-0.36146489444053814,0.38332044110536656,0.46192658748793547,1.0,4.2586019742751855
0.8391740538556529,0.1730164209984706,1.0,1.0,-0.43141724743872845,-0.7900876412874067,3.2432602340852754
0.34461128462933516,1.0,0.45354165282513426,0.08115071097343152,-1.0,0.3152714719079489,0.05077743929103693
0.6859440598412478,0.15938003718361554,1.0,0.9024521162837307,-0.6525835565433782,-0.3268641640034272,1.5768568299643877
1.0,0.5579637744918232,1.0,1.0,1.0,-0.21469112353928044,-5.537895001317606
-0.5393672277232601,1.0,0.304157924829549,-0.06862035583834286,0.26052015395348027,1.0,2.9238133766494174
0.5712650139762412,0.15392045332377435,0.47213050456197103,1.0,1.0,0.8961468634439089,-0.18508775818224088
-0.45931674322205684,-1.0,-1.0,-1.0,-0.5246476860720245,1.0,1.9671302113242182
-0.23754112532334415,-0.4800533965090743,0.21975650038877353,-0.7398096003804125,-1.0,0.26527052052814204,1.4233379307428686
-0.5659883393283652,0.7309694893444716,0.023617148190552495,-0.9038846169069317,-1.0,-0.6323504241315141,0.0019170047765047493
0.8785775130795952,0.8265584902854286,1.0,0.11680403838813413,1.0,1.0,-4.80755011384
1.0,-0.3461819523075603,0.17573993775992802,1.0,1.0,1.0,1.1266223314369206
1.0,-0.028718765755218312,0.6191890509766006,1.0,1.0,-0.6347856309270212,-2.4833002004898077
-1.0,-1.0,0.2913478668405495,-1.0,1.0,-0.9831773610066203,9.985364935982622
-0.02188247726911008,0.7617018096666532,0.6744045497793993,0.1622542321590581,-1.0,-0.442309888934427,-0.25760622112174014
-0.3708927892998819,0.33257062616790933,-1.0,-0.02833328047805439,-0.5826249029098645,-0.21951265330708525,-0.7743210386347027
-0.33894290479343736,-1.0,-1.0,-1.0,0.4047925145472182,-1.0,1.8399008493481652
1.0,1.0,0.7607933609484125,0.33489151453271093,0.8973931747787264,0.04508633384052374,-4.554213560196557
0.9228481412887504,1.0,1.0,0.1655280858727488,-0.2696725068112811,0.3146043476547514,-1.4879840723825317
-0.26664629223084435,-0.9531017080068043,-0.28658318310687547,-0.3213329169427528,0.2639402074760125,-0.4676116824793871,-0.24338665026962725
-0.177681256517834,0.09593809371268192,-1.0,0.9425611919840959,-0.10378707488456262,0.462815780842619,0.0936243073197951
-0.8689417030046696,0.1026731900298059,-1.0,-0.19896132210984407,0.6562195718480398,0.30365035409400276,1.861521437358869
-0.43790422254322836,-1.0,-1.0,-1.0,-1.0,-1.0,4.8654646297290265
-0.21394250690487437,0.1820522598906028,0.9417135270751351,1.0,-1.0,-0.3623925340557492,-1.4207649747125202
-1.0,-0.5209577122135167,-1.0,-0.6190847382980604,-0.22116790884214688,0.9137273062524702,2.406542153390925
0.045370023489755384,1.0,0.8714861594438568,0.4563562851635452,-1.0,-0.4371127964544077,-1.7506602781700769
-1.0,-0.15613172167423472,-0.8914466570981068,1.0,-0.210956068223362,-0.8494468112228888,0.7788492506471206
0.23911076937730782,0.7834724833008941,-0.3175093271576752,0.42656655560816936,1.0,0.6767561848930252,3.2245718413485815
1.0,0.3243566707022667,-0.5205230922642234,1.0,-0.24976310881827854,-0.06337330896226148,1.2482585762764837
-0.7131091623186127,0.42826156424008105,0.63354828070538,-0.14919149307931145,0.1407758000125401,-0.062279617007579,0.4684352647856891
-1.0,-0.8995996526485891,-0.32394608747646436,-0.6997227290201964,-0.47633868215021535,-1.0,3.6673922935680756
-0.3289564338116492,-0.14086098783891504,0.3445291057847447,-0.7091018254571443,-0.08605282329627278,-0.2215528990227973,-0.7676225351346546
0.18927971369078597,0.6650850712614634,0.2866833719533419,0.28108617917202017,-0.5675859109451047,0.5098090967164235,0.8871441211362725
1.0,1.0,-0.4358796741136419,0.2767355886619288,0.26104079397354596,0.39365595069098575,1.191742768269663
0.035315337076047726,1.0,1.0,0.8505151218436955,0.9140191234823032,-0.5778010168567193,-4.848310837631439
-0.10520207677390411,-1.0,0.8013704198827812,0.996004590993399,0.5939096512816018,0.5162786075712577,0.8740425893805398
-0.7982516299835092,-0.348890910558465,-0.17352316431183995,-0.8691632638645237,-0.12897910382954825,-0.6263512115150494,1.5863622943977884
-0.3812537923793421,0.8814030502829759,1.0,0.2693029126155841,-1.0,0.07702576259730942,-2.796609448614622
-0.3179857527349904,-0.26438375511999984,-0.3033275255798289,-1.0,-0.8717206275393017,-0.016429524023658937,1.5841815566581763
0.3764964794097503,0.3615496269706316,0.2662598954998204,0.21311204204009482,-0.33742988649715744,-0.9117057821313013,2.634618722027262
1.0,-1.0,-1.0,-0.8844286921747739,-0.16116930174158384,-0.6336710464798399,2.653759882988189
-0.6134838576734382,-0.41213665398043897,0.5428810092953125,0.36507407806115705,-0.4013186938272335,-0.6202843496722092,1.1049845952192772
1.0,-1.0,0.1819270735663136,0.7394874381062253,1.0,0.46018014484192726,-2.033530648870265
-1.0,0.5103552166088454,-0.39183472316641144,-0.6019854224827006,-0.9053736755305777,-1.0,-1.9642633531032472
-0.6267925727957264,-0.14151255481051128,-1.0,-0.8622790282142312,0.2613312854763191,-0.2806351219220927,-0.8582588653228146
-1.0,-1.0,-1.0,-1.0,-1.0,-0.13914883126611888,-2.8311015924418874
0.6469777331917539,0.5591326199851006,0.08892413526316989,-0.07675848372493754,0.609569025098887,-1.0,2.2805019216749907
0.5239992855164204,0.4820120638206047,1.0,1.0,0.2883673880356792,0.3825862738486533,-2.282983356597482
-0.6091877901186354,0.2478312986789173,0.7761162282143255,-0.5054852725085526,0.15584587398500094,1.0,-0.10003098285792414
-0.09088493760104077,-0.5928701280152584,-0.40274182691355065,-1.0,0.08595041908708256,-1.0,4.275288534631014
-0.9894814076160183,0.7429348328511993,1.0,0.4467063060415152,0.6427102331677284,1.0,-2.6830806255589494
-0.7731940469825536,-0.34862468237835176,-0.172638834937481,-1.0,-1.0,-1.0,2.596322367889333
-0.14858938283437212,-0.12359875381897867,-0.6726837629481714,-0.7670791482133754,-1.0,-0.1423534900798347,0.5125544723622542
-0.8324337931754685,-0.9849591897169405,-0.6150510823281152,-1.0,-0.746613175809687,0.9484483366160592,0.8996023216561871
0.5768394628167764,1.0,-0.8717162827604877,-1.0,0.0660048551951298,1.0,9.209330790215136
1.0,0.3112931955995318,-0.11161304474827238,-0.7226610583685107,0.40142327381941467,0.6220973722071039,0.16513924195578758
0.10946962446066033,1.0,1.0,0.16394044246914552,0.8970124868286621,-0.6904043986658268,-3.2952440645761145
-0.4590711300363586,-1.0,-1.0,-0.7043564318009268,-1.0,0.8300097205384604,1.7177346263381041
1.0,-0.2294656154314437,0.03925225241213981,0.6174815751455709,0.572892222302632,-1.0,2.5618810297235672
-1.0,-0.864491387721841,-0.09189557812105331,0.05553296222339488,-1.0,-1.0,-0.3247100220737914
0.7235485496640015,1.0,1.0,-0.09764288285993317,-0.4904709780750991,-0.17958871072035232,-0.47063302825156483
0.7958792926939987,0.43692046823825126,-0.24873779093257725,-0.7513050578612543,0.562554687423722,0.6289775482470119,0.27060186520713747
1.0,0.6070264326940255,-0.11826714295636137,0.8127418420352526,0.39588456932896166,-1.0,4.058028513933926
-0.19972631230117943,-1.0,-1.0,-1.0,-0.2178896846554414,-0.751884222497902,-0.18522691428016178
0.027207689578955987,-0.4786375103847441,-0.3147270397404606,0.9847529427370534,1.0,1.0,5.185756483131569
-1.0,-0.47884557975756914,-1.0,0.40469809174366794,1.0,0.7714870071819819,3.701047993564193
-0.010381741622754292,-0.6070337027185073,-1.0,-1.0,1.0,-0.1608135922504788,-2.3257128460556045
0.1999303533269422,0.02323436258758188,0.11709580990556859,0.3558938560320208,0.4845494274672324,0.7250204106923996,0.7585071237086842
-0.6241085234067119,1.0,0.8329150399223202,0.6203402956137032,0.2952934179680964,0.34570098014454564,-3.508644866886181
-1.0,-1.0,0.689024840503702,-0.14060755425474142,0.7871419620694783,-0.34492918502394926,4.658112071597418
-0.1978391628390549,-0.10347515448218983,-0.6435227403043444,-0.3265747370305744,-1.0,-0.25922367379241407,-0.565990323548506
0.9811709350328113,0.8990301342920362,0.30044609678186573,0.766258533712276,-0.554039531294208,-0.29146878095287837,3.6009751219294617
-0.36743220703768076,-0.046259534451618456,-0.625982537835259,-0.7386967359019228,-0.7400331322911402,-1.0,0.34155956234047147
0.6203885502820488,1.0,-0.04607170830685925,0.41984210389749216,0.9344375902419901,0.10712491377294225,-0.5221265491166498
-0.5391996691646851,-0.20687774297109807,-0.7767423379873212,0.06789117016711099,-1.0,-1.0,-0.011380785962044393
0.3970777509117873,-0.6981379050238418,-1.0,-0.6745478059428117,-0.18096571319958044,-1.0,3.4764579871916474
0.36876960514560586,-1.0,0.8281037600142251,0.899836452551384,1.0,1.0,0.8419281971610209
1.0,0.8960129616589714,1.0,1.0,-0.694373168181852,-1.0,6.511581149890437
1.0,1.0,0.958942121732369,1.0,-0.3872864517928581,-0.28190253413699495,2.0222920676344454
1.0,0.5871613847704971,0.3422564553152878,1.0,-1.0,-1.0,9.724403790064892
0.9216016162428765,1.0,-0.14597604351227847,-0.16268857956503202,-1.0,1.0,9.397785234109678
0.9047655352572551,0.017869860699068763,0.7995295378519045,0.24081230633388084,-1.0,-1.0,7.453136402145928
0.017765230200312045,-0.22999544371118774,-0.8557715740276584,-1.0,-0.4910825471178244,-0.17556117904167134,-0.0006708055579666139
0.12135684923953632,-0.17015749354397885,0.27301324883446687,-0.6295818464286702,-0.014841551513053802,-0.19192651907122726,-0.39231114138157075
0.8562554452558468,0.9110820742345691,1.0,0.0002111113284714028,-1.0,-0.7319670841070913,2.6000582683947924
1.0,0.1648025934378432,0.14377088640506752,1.0,1.0,0.5669167023012884,-1.4669490621488297
-0.21589457839937998,-1.0,0.5483179606743277,-0.7365086440898696,0.13504172653231727,0.21791615378407425,0.06149360565905748
-0.06491581816718839,-0.011923020316597421,-0.3231532892052824,-1.0,-0.6455785795146247,1.0,4.693181269789888
0.5330023836285516,1.0,0.5022111907618478,0.5409691222129003,0.9682275843619113,0.7233370795907081,-1.0342154117043347
-0.7098754888918453,0.41536281563814315,-0.3283889797401036,-1.0,0.32642366571371906,0.6227893507350668,2.1223912660817623
-0.2891251377971228,-1.0,-1.0,-0.6650850195880478,0.2533161507254981,1.0,-0.04841009698675314
-1.0,-0.35438116731408265,-0.5917536203035371,-1.0,0.648412493952259,-0.47397339744574163,1.7987295680390734
-0.5552182833543391,-1.0,-1.0,-0.6632499870426545,0.07849536086434905,0.8692000987365909,-0.9481321987323148
0.13355891271139242,-0.03788225889675467,0.47756823089477257,-0.536853164967484,-0.46236530938974063,0.20173757712824436,0.7340645343475114
-0.33317846618333913,0.0825764533716623,0.14674414564096055,-0.0671380831201408,-0.7758493642066295,-1.0,1.3515947803357349
0.8230965095435214,1.0,0.9782231189091866,0.16334670074280694,1.0,1.0,-4.103638518932309
0.1401701960862176,0.3405229863134547,1.0,0.1346134795702849,1.0,-0.527655403743356,-0.8625392858011931
-0.9993347237801052,-1.0,0.7265664590067313,-0.39550032012524666,-0.2653382640732693,-0.7727215815075811,5.4145074982800105
-0.38504176138211477,0.992440397389927,-0.491764272607914,-0.17532214790099987,0.10094270277972117,-0.013388123252888406,1.3858863919733295
0.4416336703807896,0.025110906778433084,-0.6974248886170764,0.4730108062217662,-0.4312971122721223,-0.210411803218435,0.9696016190474332
-1.0,-1.0,-0.8322710452548554,-1.0,-0.3467282308781652,-0.570861229971557,-2.2023046049436203
1.0,0.42232678124151357,0.044960995829128825,0.2823758875377398,-0.7622321690022716,-1.0,6.159675078407338
-0.7311673870389339,-0.9036547032025861,-0.15743265668447282,-1.0,1.0,-0.8580714127093143,7.0265733753147925
-1.0,-1.0,-1.0,-0.21944169164513183,-1.0,-0.7168661958242823,-2.472219136620804
-0.4161086225465911,-0.20538761050930626,0.48819190881164226,1.0,1.0,1.0,4.933170851218589
0.40781323219922827,0.7514384565712171,1.0,0.8816960236302691,-0.5917652442560923,-0.7937026023604851,2.1730543960860853
1.0,0.06894930008590988,0.19649414143753657,-0.9244641406412827,1.0,0.7852151371102067,-0.05917655781807485
-1.0,-1.0,-1.0,-0.7705901367870607,0.08858890753238735,-0.30341819992006014,-5.58642706098195
-0.9295282172279649,-1.0,-1.0,-0.709093122987865,-1.0,0.6273844501215899,-2.8448845245277514
-0.5095739323074651,-0.15734481171524645,1.0,-0.5583635212598246,-0.6077155594518266,-0.5614492739359678,-0.49303897695255167
-0.3394105793072548,-1.0,-0.6410414846393275,-1.0,0.39493899172023855,0.8209841364011163,-1.7899393807343484
-0.6938744948730557,-0.6868861519753229,-0.21985359949865857,-0.9221565031565446,-1.0,-0.36065610196798636,2.195362920818921
-1.0,-0.4930954667731658,-0.5153881014626969,-0.9870523466207453,-0.36480870948255295,-1.0,3.3750094897628444
0.04728852876538722,0.4383133687086622,0.44607797456671583,0.09130638794280121,-1.0,-0.45498565500437993,-0.03712826500992766
-0.7183152611168273,-0.9289568617552628,-0.9141074209927198,-0.5027224702044586,-1.0,-0.980453102379806,1.0596658262481058
0.3046741898972313,-0.007960847395254537,0.14012247628107255,-0.1739518501269186,0.7578612953499546,-0.04299903183624276,-0.3429143042616847
-0.8441584690514392,-0.30323166696451886,-1.0,-0.4589191897613225,-0.6411689180313217,-0.43952157884013165,-1.9447411326605692
-1.0,-0.8099701021172203,-0.6709497636868287,-0.28343205668486204,1.0,-0.4965836383973291,1.003154562275979
-0.3865770718232947,0.7090021075682464,0.5947842878246452,0.3662996696222648,-1.0,-1.0,0.1666940011719754
-0.16579637710533657,0.35698102476163973,0.4031670534201389,1.0,-1.0,-0.8600934504959437,1.8577769349096216
-1.0,-0.6079930979160154,0.16881387403090797,0.09257142476271535,0.5789688482616764,0.269312126395161,1.1244348868479843
-0.9160190713010432,0.24992074587867305,1.0,0.8649590338920741,-1.0,-1.0,-0.9319352681351065
0.840045102463443,0.25441099116003385,0.4770674641224626,-0.38558736934875654,-0.9459085905349579,-1.0,5.8155759604944555
0.12686531269442414,0.4956586592217875,-0.07687608143856989,0.43892993781031064,1.0,-1.0,1.4463959420349535
-0.9679753543490804,-1.0,-0.5912510939103839,0.15989908184848378,-0.20572069820959238,-0.03808780264450555,-3.5805760924016976
0.07439177258454743,0.4052681306478082,0.25105104904994613,1.0,0.681798668981239,-0.24866757121472666,0.8280420586094203
0.7222698373598724,-0.45873001863846996,0.6807310314735626,-0.6113516695913824,-1.0,-0.4132562799619339,4.9031599728779725
-1.0,-0.2293924530342204,-1.0,-1.0,-0.7375526118906404,0.6354618612307984,0.5409212285186841
-1.0,-0.0542716967668857,-0.9536703815592729,-0.1592706826701889,-1.0,-0.3179218791124785,-3.010754307005591
-0.025801831912223627,0.785075509560965,1.0,-0.5935399866824077,-1.0,1.0,0.65787683363347
0.13697147435581014,1.0,-0.03897722797884644,1.0,0.14841998280626723,-1.0,3.6650257578094765
0.5639803239244766,0.7997090925765964,1.0,0.024141635070626333,0.7994676698014808,-0.8120474138494659,-1.8115768068646962
-0.09283414019367087,-0.1867320877982866,-1.0,-0.08800483812985882,-0.9994941455235,-0.6149085871393479,-0.09763654860235838
-0.17278541623726523,-0.6969974911234467,-0.7432028364532741,-0.00015531001390323151,0.4743820998797446,-0.7019280383424953,0.24028304867958794
0.8713476244177174,0.18080512131356324,-1.0,-1.0,-0.7046426717805998,-0.692083835986131,2.6364023831177374
-0.053130218753888014,-0.2913321511652789,-0.14446447335348722,-1.0,-0.1455567110722178,-1.0,3.9829957158977543
1.0,-0.7888102800815404,-0.4091048164080864,0.718512469639176,0.6776814424997489,-1.0,-0.986567196008465
1.0,0.6165202667973058,0.12075511205964776,1.0,-0.5247612487918064,0.4686789739019253,3.180030632596829
-1.0,0.3282058881915727,-0.5695959079129187,0.2958935844667081,1.0,0.062053067781446036,1.2396367696469104
-0.35897111419671657,-0.2597292138936389,-1.0,-1.0,-0.9448495087227369,0.6696430087166808,2.0948424534711365
0.5519273358633587,0.5345360331001322,1.0,0.11189214066972963,-1.0,-0.10828790650602904,0.9697997430291904
1.0,0.5608010530314216,0.5990479775608293,0.9370326926452406,-0.5272554395241653,0.14547920552405605,1.964361009367808
-0.9344725793546333,0.4307266071699348,0.4146169552342147,-0.04153101857527384,-0.009544593357600828,-1.0,3.860692909345212
0.3300011899478471,-1.0,-0.11636685484908016,-1.0,-0.6990262181818995,0.007931195242934841,4.012695491708134
1.0,0.5778082214621102,1.0,1.0,1.0,-0.2855699151955041,-4.443386252936996
-1.0,-0.24015164314884185,-1.0,-0.988992631858554,-0.2928422456504347,-1.0,5.1295210248851815
0.012843534379155641,1.0,1.0,1.0,1.0,-0.24437707029458006,-5.1593446152245575
-0.9072990285062634,1.0,0.40345429161135216,1.0,-1.0,-1.0,0.611322402368388
-0.16028908740616676,-1.0,-0.9071073929537503,-0.9242288748186568,-1.0,-0.00888468181639479,1.396609883879605
1.0,0.01931001835436641,-0.3898539673203141,-0.5493715311779255,-0.19894317330284594,1.0,3.78768578768764
1.0,1.0,0.2136239943395033,0.3968216125002275,0.12148125598071292,0.12891145036916218,-0.7286450120473901
-0.7235648820562562,-0.05062372711080876,-0.570703203868614,0.27117296833828863,1.0,-1.0,3.9996938713719503
0.06329649270043314,0.05662265013220359,0.167082654912855,0.6579057570523943,-1.0,-1.0,3.2364203121423127
-0.6268800749067893,-1.0,-0.1865646992777139,-1.0,-0.2030983270603018,-0.13813742749298563,0.02202771771700729
0.20400493600225267,-0.44042293205351585,-1.0,-0.9074214350113523,-0.5948296196437183,-1.0,3.657500538244318
0.8765182684937015,0.647468038448335,0.6071198023184227,0.023948426476746443,-0.06328143051385021,0.011668456746574463,-0.8921534679951428
-0.16563236592914465,0.5837741947178245,-0.2898091859884128,0.48482112388612064,-0.41986294967558724,-0.9358028677718322,1.5694393768854045
-0.5750980510934967,-0.6356041878014488,0.33643560280080775,-1.0,-0.4468957500299371,-0.05456623381630418,-0.7221164712732101
-0.37640091447989743,-0.443059501894567,-0.46798563247000513,-1.0,-0.9851129789213564,-0.28005031847700557,0.45266091553459264
0.3022288392596997,-0.7168941984012057,0.06380621887143217,1.0,-0.19459557777199638,-0.7950093529515387,3.2052909177833193
0.343381618370336,-0.739000333349021,-0.23736804809119544,1.0,-0.19085523742598198,-1.0,3.6314631848438115
-0.6705214389590779,-0.22337242360781961,-1.0,-1.0,0.13303888638510308,0.8206928312798223,2.8725396790358624
-1.0,0.5394622318381447,-0.5036605582397964,0.5089998206545118,0.558583335055451,-0.12110236152062137,1.1570954525513177
-0.1717024181537798,0.40638735405701953,0.41693842754985466,0.4673262915869161,0.5361090538051467,-0.05391395537161997,0.34061720059150913
-1.0,-0.7156605250386538,-0.07912390462460483,-1.0,0.8933682127816807,-0.38103586388348826,4.740790616667363
-0.4113488729860653,1.0,0.28531129458525084,0.1698804750553795,0.31534419874860997,-0.8382857554012493,-0.09948997160424522
0.9732764673188419,1.0,0.39532647704272605,1.0,0.9718540266356359,1.0,-1.7573670210027876
1.0,0.30282747427734547,1.0,0.583048691032092,-0.4778185415472733,-1.0,6.27245456956637
1.0,0.39459400983786375,0.7622313428741174,-0.704899970185686,-0.4939570530934534,1.0,2.9375101242411983
-0.19692645125683234,-1.0,-0.5615214568080914,-0.014414986108964939,0.06997940386913432,-0.7703878872838025,0.42430061850768097
-0.8812015560478843,-1.0,-0.584887173418627,-1.0,0.08056692644233854,-0.2291200780301036,-2.4003321947477283
0.33119124485895457,-0.6679794520904628,-1.0,-0.9225512895716459,-0.8765075184966785,0.2852674123289225,1.6328841591481857
-0.3392463893530985,-0.5532401674613389,0.28782767264314424,0.6496332116025392,0.15857814971223672,0.48776094099325884,1.3315824770293054
-0.10663334829710194,0.43951887697577874,-0.6734998128655463,0.05141194114174996,0.10126992188427925,-0.5817493006273714,0.6920575311245285
-1.0,-0.8407166204996048,-0.037556788090546966,-1.0,1.0,1.0,3.0771303308962423
-1.0,-0.4718347337712876,-0.1586930681868276,-0.6475711284218701,0.11805830003225237,-1.0,3.9748517757355675
0.5590976442374007,-0.7634297104081498,-0.8624719971100983,-0.505962116009759,0.15073925245142683,1.0,1.5268713683602795
-1.0,-0.010792038215897026,-1.0,-0.15048170055851795,0.3936690844325358,1.0,8.795072447198267
-1.0,-1.0,-0.33093900075809923,-1.0,-0.6873031285811764,-1.0,5.122223947669202
0.05642114229035056,0.17183510440714775,0.3784541460623331,1.0,-1.0,0.1115743561345981,0.410009163643576
-0.956319247738489,0.22631106691704272,-0.2923588720799267,-1.0,-0.9548388045830956,-0.3055324459856592,-0.9251346467924055
0.14823174879098228,0.43020775185326066,0.55359086205918,0.2111235979835132,-0.2297615694737507,-1.0,2.601658388736322
0.3955625917705743,-0.7562449874683697,-1.0,-1.0,0.5573192351644497,0.4460988608874796,-2.57036339393361
1.0,1.0,1.0,0.613996480951055,-0.11644734597969675,0.22922722044537658,-2.0801925788192333
0.6377443217925993,1.0,1.0,0.7845290404421557,-0.3100050260471541,-1.0,2.5930800092635886
0.6480775287391701,1.0,1.0,1.0,-0.18526620579374176,0.5844964165470432,-3.7561881110377864
1.0,0.6463637118169647,-0.5348260609460775,1.0,-0.2436962404688141,1.0,3.3214764672288117
-0.7649317487552859,-0.058660712065716214,-1.0,-0.1365228661061061,-0.6061203435556596,0.32170856075051185,-1.4208999674458798
0.7464185178283309,1.0,0.1622787869434934,1.0,0.187589856999898,-0.6642248944837255,3.0813191337731345
-1.0,-1.0,-1.0,-0.6998501270582631,1.0,1.0,0.5885809110060122
1.0,0.7167713974571749,0.8789846555645735,1.0,-0.24331533658882393,1.0,-0.4795588317653662
1.0,1.0,0.6759240847613406,0.8238596869308291,1.0,0.47877080774762026,-5.491124742216605
-1.0,-0.20737316477985776,0.3676415729646396,-0.13997330396457697,-1.0,-0.22433070137959538,-2.7840860569962884
0.5663210404807622,-0.05246864916378147,0.07786594323428464,0.8703613757379707,1.0,0.15248461564716842,-0.7961769618459693
0.80254276324108,1.0,1.0,0.5883410786629559,-0.7477846212149797,0.572050971118115,-0.1926687697325946
-0.8248312063521885,0.5252843335363855,-0.41021589756941623,-0.09618307912947421,-0.5793979098648033,0.47067378131749066,-0.19630561466000793
1.0,1.0,1.0,0.9140423541694775,0.19665332573862948,1.0,-6.040456305054066
0.40091256144092485,0.9740701387170558,1.0,-0.35230510800291537,-0.9288221248120501,0.31034835133043537,-1.8904009077020747
0.9012796966493342,0.9820810454899194,0.25791278982548993,-1.0,-0.6021421942512383,-0.531266856479564,3.855890238926901
0.15654374720890987,0.15035574669451693,-1.0,-0.4797061263083492,-0.1537597063901952,0.03892467479759798,-0.1985962100885542
0.6526672826654101,1.0,0.27256295824088883,0.3903054060494462,0.4029701355065874,-0.15891133672011737,-1.249157336553286
1.0,0.6989126910647816,1.0,1.0,-0.5444210917988541,1.0,-0.6411483931093271
-0.051527186233278066,-1.0,-0.6436300822023909,1.0,0.8992423823972266,1.0,3.713236199104106
0.3660826189787378,0.3863099154865174,0.968035858480571,0.6943934075254105,-1.0,-0.5136367328536675,1.7084851608998308
-0.17202967267303337,1.0,0.035080408839474275,0.18709464526003144,0.9467579504842993,-0.9388296413090094,1.7668044235168774
-0.8699092387299834,-0.48615128949513486,0.3085143176349392,-1.0,-1.0,-0.6405069987190366,3.003575400313559
-0.5113552640594987,-1.0,-1.0,-0.5389092781246005,0.3119364112032599,-0.12406717672925953,-2.6711502633391166
-1.0,-0.10783151976505057,0.5342838507634793,-1.0,0.8733276085117737,0.509518858486756,2.0407491395619886
-0.8613405154716784,-1.0,-1.0,0.1279916664043661,-1.0,-0.3400421725296977,-5.638033382558139
-0.4147364566553974,-0.3218190859731683,0.674936133229864,1.0,-0.6025073787592754,0.4407689119313944,-1.3202035298616104
1.0,1.0,0.2495480293613559,0.6909044391290888,-1.0,-1.0,8.83800364728698
0.3848252422777214,-0.28496434387183067,0.01510973210025246,-0.8379827261625942,-0.15069594347779974,-0.78256033784076,2.8681554212640425
0.3806325505909396,1.0,1.0,0.9645751932353348,0.8608162811969235,0.0346729109686498,-6.392952066918666
-0.8729691020186787,-0.14824932179263173,-0.6019770425092089,-0.026949294619984743,0.165955290505863,-1.0,3.603817556626122
0.20839142834783175,1.0,1.0,-0.312991501750134,0.14719349710907315,-0.5492248316699886,-2.5003588554425344
0.961117997224974,0.9654937840751017,0.9018160237590838,-0.47882336867088926,-1.0,0.3768636953178175,1.4527595096231123
-0.4123237297847602,-1.0,-1.0,-0.952588692752881,-0.9755669012976378,0.25613834912940275,-0.20784450537702331
-0.5780558371888644,-0.4755596248779048,-0.11477620563487534,-0.129036459863495,0.5685607975024467,1.0,3.2925520890357434
-1.0,-0.2769067916238704,0.4589476381989068,-0.5073549122414605,0.12662618324765595,-0.5286334982138712,2.3516188041788775
-0.25537789792630733,-0.23015509043579585,-0.45446655770358957,0.18245446003483137,-0.6766974087863467,-1.0,1.3599188043737547
0.11759370223585847,-0.8545896460464458,0.5939786675778606,-0.9353436768954987,0.7466033380734167,-0.1383773519385118,0.6383516176201355
-0.1503057999234898,-1.0,-0.4481816616759868,-0.7939278694887473,0.3156412960602689,-0.7992960235827469,2.6112381125890627
1.0,-0.13121579961678942,-0.48852995111969055,1.0,-0.5630482718801126,0.1380503479467724,1.7557818488855796
-0.9047466431339921,-0.7432516473097461,-0.07752793990861151,-1.0,-1.0,-0.5844829038570627,3.520407607745462
0.6570289173520764,0.5895079841450968,1.0,-0.554883002695124,0.7108275669256771,1.0,-2.1667893273015673
0.34464947236568966,0.47106299456916495,0.3895439126399184,1.0,-1.0,-1.0,5.1969510626661855
0.15055672206787332,0.03367786037718068,0.3912529347738293,-1.0,0.8267457189099869,-0.9648201885541189,4.151000449448318
-0.9704149370296429,1.0,0.16545880269287636,-0.2729986811487274,0.550692539416994,0.3433309355326195,0.4882979841063918
1.0,0.7340420650526891,0.8423388194893215,0.42457484402837076,0.2846264082086354,-1.0,1.7103724141826047
-0.6537306556207323,-1.0,-1.0,-1.0,0.2978058532160601,1.0,-1.2615440175349972
0.31707917170247546,0.17966636232720412,1.0,1.0,-0.3347398752397917,-0.3576586202080407,0.37276038508052484
0.8553361694797195,0.20318369583656493,0.8202521818192982,0.48276894409613624,0.2755001733649981,1.0,-1.8662928258586584
0.40055734423457856,-1.0,-1.0,-0.8910513333606809,-1.0,-1.0,7.187662539995644
-1.0,-1.0,-0.6007855648542512,0.013903491783367805,1.0,0.5855341858827452,0.3268615040259378
0.3490538731664133,-0.9319804447989273,-0.26032033431517043,0.3257499092102061,-1.0,-1.0,4.083530097618999
-0.8604355221506674,-0.3044829032064189,-0.4960556193267065,-0.39393243490671637,-0.38761088865439086,0.7500579073079455,-0.408770317485584
-0.46132777060115565,0.37015888406171515,1.0,0.05678823123317367,-0.4464982820863053,0.6945660938032548,-1.0478541917809343
1.0,0.005856613826281609,-0.8493030379778743,1.0,-1.0,-0.9375526671170324,6.496392606367596
0.8493407962666306,1.0,-1.0,0.18923880624861011,-0.20689511473512567,-0.24869732988043514,2.3822716130121946
-0.9878996339787239,-0.6245088645826362,-0.7736468925936442,-1.0,0.18606490786958751,0.5215887158044381,-2.4030371003194446
0.5108686365874835,0.16915736584261754,-0.09563888567233358,0.9014685747408434,1.0,-0.6179884446603985,-0.5827677413677819
-0.3772789185879122,0.8656244687761213,-0.020951175128468946,0.9813521646537416,-0.32348253319220666,-0.28421926061826336,-1.2269430327432234
1.0,0.2726920425979551,0.4066403149978337,1.0,-0.019877232065392048,0.6804027334012832,0.028478443914495104
-1.0,0.6809033601433572,0.05410238286934321,-1.0,0.12420544986893045,0.7958309373489898,0.3817916446586743
1.0,-0.42327964849085087,1.0,0.6009423493309196,0.21291309069934505,-1.0,2.733528546201422
-1.0,-0.263452710052655,-1.0,0.16798154901319529,1.0,-0.3317349370454241,-1.3474957208926495
-0.6614525901031922,1.0,0.9514260941241333,1.0,-0.6685927250286612,-1.0,0.46869737901698316
0.0679698639901587,0.06903998280546139,-0.3189776132446806,0.5834952086551201,0.44226810624414115,0.12127251006898632,-0.22783800468012835
-1.0,-0.560567682832565,-0.7527138155472175,-1.0,-0.8850781478903793,-1.0,3.411122853147008
0.44128298854021375,0.09235364868518847,-0.05172397884266208,0.6721490020964983,-0.32457177635017564,-0.8821142157405848,3.2914830499751315
-0.24876518632967026,1.0,0.18375659012842074,0.3697992284524704,-0.26174844726919233,-0.7490205227402273,0.30887279068334494
0.44635476255987244,0.5553085783336518,-0.01770834511938689,-0.8175548287511756,0.5937750089253504,1.0,3.789152387928082
-0.3802313749552608,-0.3519967721318392,0.8791974627767744,-1.0,-0.22137390907284116,-0.9189283833803603,2.452496399016901
1.0,0.052309086172236396,1.0,-0.14633758900986837,-0.7752044228763626,-1.0,7.360483174419085
0.21730670144266917,-0.009044649635124274,0.23817607745932207,-0.21662955417077884,-0.8878380345977201,1.0,3.8087387888198942
0.8842502608904431,-1.0,0.6821058361576149,0.030151680427465563,-0.2370004376675498,0.7952169013248738,1.8116316621904833
-0.76850570191897,-0.38672044389341875,-0.09794375401281012,-1.0,-0.38655641589687306,-0.5406196612405334,1.6843014100511513
-1.0,-0.09551723540390644,-1.0,-1.0,0.6890801292089305,0.3225756321277508,0.536886626972922
0.32516058926209224,-0.5151079304172753,0.7280970214335623,-0.6136896992083833,-1.0,-0.7544574311198711,4.467254407315469
0.8620108818266308,1.0,1.0,1.0,-0.7292745297182786,0.04473738538514094,0.5949362096708248
0.3764298833939277,0.9107822558718679,1.0,-0.35063680304580525,1.0,-1.0,-2.303165587545069
0.9133811933861773,-0.5573477905882023,-0.4058868239677949,1.0,-1.0,-0.289333884732066,5.076421180020538
0.20776356291181003,0.712647633126307,-0.4634402350695995,-1.0,-0.09561400182632929,-0.17250252666406918,0.9701806736377784
-0.6900868963819666,-0.10052587149887898,0.4118146011702832,1.0,-1.0,-1.0,0.42454875528768643
0.8329445567650066,0.7196594018240758,0.12459450390660931,-0.5984215266501544,1.0,0.41456815707723976,-0.19565876227009488
-1.0,-0.7330480839008079,0.22060840736137555,-0.06021164138227819,0.5342808658834155,-1.0,6.570695884367383
1.0,0.10258686104090642,1.0,0.7422050435427274,-0.3179440474847427,0.16359445965860708,0.49406474191915245
0.4025115324398431,-0.40646147765629936,0.7685278195140944,1.0,-0.3453940520626777,0.16116096708742145,-0.6838035787278107
0.19885258179324322,0.6320827994115747,-1.0,1.0,-0.31948316588664083,-0.5136928092683564,0.12924845763161855
-1.0,-0.023744265699936262,-0.8814927042234303,0.1383016434729611,-1.0,-0.73962794855883,-1.5877903141657936
0.3308654503583899,0.09329832353999418,1.0,-0.2864440158493107,0.23651175581529488,-0.3496518716962975,0.2629009744638782
-0.29835409336172897,0.06384085094311398,-0.33027090037473184,1.0,1.0,1.0,7.426552208183998
-0.7496911146040726,-1.0,-0.966227997356253,-1.0,-0.2154197686412347,-0.3594558492012914,-3.7151797347738125
-0.2187687601728875,0.3258052514502213,0.6106320732315353,0.6785068360073118,-1.0,-0.6330506527864972,-0.3337888122727398
0.048989504577368725,-0.4377544848103366,-0.8250379655608479,0.48941460263119213,1.0,0.9302962512911728,4.8240875703779045
0.2751513662490456,1.0,1.0,-0.6954884085051968,1.0,1.0,0.25899846872016535
-0.09977945489176465,0.7169647489659959,-0.8371912878061192,-1.0,0.02142780424360269,-0.3393780199914731,-0.9591077504972412
-0.3552394364425815,-0.06585683680120027,-0.7007125157007987,-0.016058557480402108,-0.062737243367543,-0.3732778509838165,-0.45308217481783647
1.0,1.0,-0.8474349953268129,1.0,-0.684885006764635,-0.40977805057337746,7.005766374010175
-0.6646787184467579,0.20003519200814956,-1.0,-1.0,0.4446885221357906,-0.013300403259212557,-0.7806071428016038
0.18231568645533902,-0.06516809025462611,-0.34592958412934893,0.037069817419693674,-0.12439808839640776,0.006558394415590141,-0.29343350616032465
0.10213069455112606,0.5071757867145058,-0.8556624714775174,-0.1725684077849085,-1.0,-0.5604142869174956,-0.4934159488009859
-0.12977169966883007,0.5554035035685512,0.3869495902876861,-0.0545445725396933,1.0,0.828703908554952,3.1574121976509963
1.0,1.0,0.7378418856822586,1.0,-0.8951611909583386,-1.0,9.796245447809438
1.0,1.0,1.0,-0.09045691140383094,-0.014581794815124116,1.0,-2.9661550130339607
-0.39108746393257754,-1.0,-0.9582354010587627,-0.4538513306924232,-1.0,-1.0,1.9400207231977897
-1.0,-1.0,-1.0,-0.536479029999442,-1.0,-0.07555825340729468,-4.187896747905888
1.0,1.0,0.8036271026097237,0.7894156927463205,-0.1572397225428244,1.0,-1.6297079327364998
1.0,-0.428434795738166,1.0,0.4132495274606232,0.46336800317535287,-0.3164132911038481,-0.2841139938846582
-1.0,-0.4755109865803613,-0.7118051408754331,-1.0,-0.8140726585866715,-1.0,2.192748931635481
-1.0,0.0914552829273888,0.04746360916145165,-1.0,-0.3683209920641316,-0.4720102056064277,-0.359769069379677
0.6002300690109643,0.7914720686018739,0.1501445493884681,0.4625220056127268,-1.0,1.0,5.614892412673445
-1.0,0.01885217497724878,-0.22954930119250416,-0.20086474078553107,-0.2649418044204194,-0.6887363951913816,0.6945733930246116
-0.45338336606503893,-1.0,0.4487610771915888,-0.9071702875035543,0.525545244447835,1.0,-0.7714082673705956
-0.35282193224073705,0.08295597156250922,-0.015045921740205359,0.9346732998755078,-1.0,1.0,2.180032868793757
1.0,0.7199764704475162,1.0,-0.33113216795509254,-0.6094086730560837,0.02574991300900681,1.2524870768997238
-0.09620152439896512,-1.0,0.07432456036505952,-1.0,-0.18495535594786106,1.0,-0.23685538834893394
-0.13234221250788314,-0.910705942525597,-0.3646102095656647,-0.8234811936530126,-0.5512042929073188,-0.07571524729114554,-0.6413233651377964
-1.0,-0.7928065511921889,-0.04411082749000461,-0.763724165237327,0.6990184867388534,-0.04207201652898823,1.9064423169867188
0.39728385934902694,0.18942127554544252,0.7218695924087608,0.217493855794341,-1.0,1.0,2.019180425120337
0.3599714355032175,-1.0,0.501570018590315,-0.6382660425417483,1.0,-0.026539460493295787,0.37728748873084506
-0.6388677970198536,-0.43427104813288425,0.6955867939376049,0.7380265468133764,0.438803650617107,0.13807929358403626,0.44288262880403756
-0.8788818540951038,-0.906618900963388,-1.0,-1.0,-0.44212204844972486,-0.3835996337464596,-3.159043567871095
-1.0,-1.0,-1.0,0.844987557581504,-0.851453857355001,0.2519436824552176,-7.0161618285353375
0.20899793416334805,0.9935608249034602,-0.2353554403614312,0.7936190220390821,-0.9505958478543471,-0.9891884525106579,4.840333983254192
0.06803146785603198,-0.7073455731359266,-0.4256541927520535,-1.0,0.024078190115226716,1.0,1.3702027695497108
-0.8427179082223986,-1.0,-0.2520791985860137,-1.0,0.13374561658629958,0.8492602141614438,-2.7223512599296913
0.4542453261593341,-0.1785053087612622,-0.04031918668389356,0.05555579571952629,-0.009943996717622028,-0.45513717086304917,0.960599685867928
-0.5024284703842576,-1.0,-0.03720070609964482,-0.6513652200061312,-0.009000336565619937,-0.588819641592133,2.3750861266379855
-0.21452042949212968,-0.3655677010825481,0.31319781116857853,-0.6715262720841638,-1.0,-0.9382434231128574,2.75105584625633
-0.5091547650343231,-0.5881440402225397,-1.0,-1.0,1.0,0.27529511975763654,-2.1499690807473852
-0.49570137644754725,0.39615602757831936,0.7025435967292946,0.7559148922828485,0.10056779763964624,0.7605594265608397,-0.5406465942833031
1.0,0.05211869997144136,0.24523234120446347,0.6200495968910738,-0.5883114045811055,-1.0,7.1701126301735005
0.7216945835201797,0.992884094100811,-1.0,-0.10206186324064748,1.0,0.27892907578237097,1.2520634338354473
-0.4936394358695241,-0.10685102453649725,-0.4600623021068021,-1.0,0.8576150120135415,1.0,5.879151650958435
0.11962076895934615,0.01960021449493321,0.3978942620876294,-0.5818955513165198,0.9770800692035515,1.0,2.0360547062273158
0.4269850457772437,1.0,1.0,0.535647069186469,-0.3401837952062244,0.8180941363139931,-2.8317451131489495
1.0,-0.23274619248554107,0.860573112591712,-1.0,-0.42219394638412533,0.5138591242855881,0.03199804929807443
-0.7701052705288927,-0.27688141393500576,-1.0,-0.316437592155725,-0.969859564101399,-1.0,1.3453475528732843
-1.0,-1.0,-0.020534867648024258,-1.0,-1.0,-1.0,6.530902111845245
1.0,0.2690887242800304,0.8359899445924341,0.424638701522418,0.22046564693261672,-1.0,2.9596662180500957
-0.8598524858877254,-0.6776034242262666,-0.604334046872855,0.5340345743084203,0.05454124441213315,0.525657616468886,-0.6991589348164757
-0.03522363600185208,-0.5483932198640331,-0.12201795857681774,-0.6665004021726388,-1.0,-1.0,4.693915738808197
-0.048795482064295514,-0.36037846797317674,-0.1856126213557432,-1.0,1.0,-0.5321620478734387,2.644150568951784
0.016333775203837636,-1.0,-0.24789980362169445,-0.7078317118285298,-1.0,-1.0,7.379250851454325
0.6923643657330903,-0.5104756932449951,-1.0,-1.0,0.22898560714392469,0.07404575002920821,-1.6035708398911261
-0.5165468127376323,-0.5759783988773222,0.5082825275256411,0.46332133975223644,1.0,1.0,3.8883876415625602
-1.0,-0.6974546122305783,0.3119929188737891,-1.0,-1.0,0.2114909449418543,0.1774189170998739
-0.04642083111073991,-1.0,-0.42977982963703454,-0.5466702371325514,-1.0,-0.17675405164167293,1.7473798921101598
-0.7323302960498501,-0.4947604496242689,-0.6493227607863903,-0.7189484551872888,0.49810901119553874,-0.782280956579736,2.7152296148715642
0.14298335445542654,0.4980687792835662,0.7227256062325926,1.0,0.8071154036929692,0.24265535666993032,-2.29968922767885
-0.674461856230935,-1.0,-1.0,1.0,-1.0,-1.0,-2.9232406850682793
1.0,0.8613344770957375,1.0,-0.9451031564257741,0.4997302097790104,0.5848297196777712,-3.215074114688381
-0.7295347296638208,-0.7028346649094465,-0.09318373944110492,-0.0326227640334964,0.6772128504652895,-0.7380278240926825,3.1697277548247422
1.0,0.0656873817164223,0.8769334470394228,0.2572928128175408,-0.044639483965367266,1.0,0.36141273393389683
0.14727746016262921,0.35218443678323086,1.0,-0.16848822273591335,-0.28372992211620185,0.1352773305241927,-1.6151553597708541
-1.0,-0.7536010612131557,-0.3598960693369368,-0.7164012628254612,-0.4026101040697,-0.6940745769620228,1.682074466560942
0.034939014273451696,-0.8619428547647199,0.7061181621693766,0.9596285272690963,0.37233704680780844,0.015385179617839029,-0.5363539502350617
0.5583750530368419,0.3726286616138473,-0.17855933717844935,1.0,-0.8402335029764529,-0.1894342623496631,2.041968495757389
-0.3468064945048339,-0.454840872180271,-0.4512371771523648,-0.913303929594476,-1.0,-0.8298258156937561,2.6525866320312037
0.5478925783509483,1.0,0.22892616060858761,0.8867400031781635,-0.5491519610739808,0.705484711975175,2.6127798467931242
-1.0,-1.0,-1.0,-1.0,-0.5406545737489952,-1.0,3.3138278027454193
0.7627235751534933,1.0,0.5388350373178104,1.0,1.0,1.0,-2.350675844277935
-1.0,-0.6591332526633519,-1.0,-1.0,0.19147416591980515,-1.0,5.0909433887080455
0.17679732926779856,0.47621340033644666,0.5383295300851746,0.33976732262986686,1.0,0.4389373592089547,-0.4245173530936879
-0.6718998918338729,-0.8914346372590154,-1.0,0.05296390250673422,-1.0,-1.0,-0.31804551909939693
0.08820810063905338,0.18515627602200047,0.4072173403613628,0.7491352206760931,0.5670847551217608,1.0,2.141034631677417
-0.4516499980217785,-1.0,-0.06290092961568639,-1.0,0.3685616734581779,-1.0,5.5902119905375525
1.0,0.025444949721719512,1.0,1.0,-0.3933821010227192,-1.0,5.112179779175569
-1.0,-1.0,-0.8266858998974862,-1.0,-0.09454882277168458,0.16066592972890384,-5.899495532573052
0.5851868661500456,0.750967075044424,-0.11787286745602968,0.09372465615220471,0.08580573359104426,0.9712917688043716,2.958366728468793
1.0,-0.5470625373853486,0.4476430837043135,-0.19554577183315358,-0.64426341216492,0.1515995493787884,2.85119906038333
0.34064170891357615,-0.6786799641793146,-0.3159078984238246,0.370276333904051,0.8273801887691532,1.0,3.1378260825900512
-1.0,-0.6987578659676741,-0.8566540826979403,-1.0,1.0,-0.11398692082704254,-1.3139472895870732
-0.773732899018515,0.41688312442162634,-1.0,-0.47262162671670027,1.0,0.20600677144285995,0.056562113754912824
-1.0,-0.8938800903271873,-0.6580864800757337,0.30750513807805646,-0.25357664265427493,-0.068048586941449,-2.463387748364271
0.09289811933708271,-0.4520067659282054,-0.8558384952014599,-0.42609073490923377,-1.0,-0.6168250015819635,0.20588191813240153
-1.0,-1.0,1.0,-0.9721859737571374,-0.09077764179512687,-0.5653836703150033,2.8571274144461114
0.8451451037770659,0.62040638647061,0.5061512499571259,0.7866780202886668,0.07363246895349296,0.7748817652194324,0.4954542977602
-0.4957622013560499,0.18625722157627467,0.08331989938077944,-0.8546170725675194,0.2541091676911219,0.14318871887120888,-0.4915056053471447
-1.0,-1.0,-0.5339241460244271,-1.0,-0.3650144282973149,-0.19149043267021493,-3.2890805487270183
1.0,0.5310300918063015,-0.3271003258624726,-0.11714152153821011,0.5715258262010569,0.014365267121618563,-1.228655422215249
0.3028235356644264,0.3435504033113814,-0.1238692431553503,-0.8390871779377876,1.0,1.0,4.972721995877731
-0.8313080059570975,0.1254492905377924,-0.7716312490337418,-1.0,0.02941886271282934,-0.09178657790732281,-0.9502571942150077
0.3419746042310453,-1.0,0.47264678601422716,-0.5524383058273384,-1.0,0.1955790108004466,4.413539697506872
-0.3174603845480346,-0.5376741034142544,-1.0,0.8466805171524571,-0.5094507455486247,0.496986492888921,-0.5992898621177419
0.7874830229426398,0.28004633143554103,0.3246085690174023,1.0,0.6533957455106931,-0.08204372876466537,-0.5130452127217958
1.0,-0.061439939610197225,-0.3367945035018509,1.0,0.2535833300519039,1.0,2.3818621087338463
1.0,0.7949782692526495,1.0,1.0,-0.4255442435552316,0.8068347388581963,-1.6741395639537253
0.2540718945560762,0.793764931020685,0.8504527150406453,-0.4630316303507451,-0.49876167541893435,0.029541557337280477,-1.4656284617927686
-0.2162905130872921,-0.7555699361520527,-0.42727204064407887,-0.5936752783680279,0.2631620657168613,0.8582555812737691,0.43805327639511527
-1.0,0.20463501311965293,0.20981746842656857,-1.0,1.0,1.0,6.931380987939445
1.0,0.8682567840619395,1.0,0.24118032808094125,-0.44601923112502595,0.4515873415802325,-0.6997082406923719
0.4346848071027335,0.0806898424610577,0.18834291112369467,1.0,-0.06793830945117574,1.0,2.7169602334927614
-0.07600184301887258,-0.00041845609453761146,0.8859668536976097,-0.978706841737576,-0.03608088886187777,-0.9165525047133749,0.9134252828071676
0.10947981741183932,-1.0,-0.8929065471689946,-0.10057268418808785,-0.25070108074453246,0.09192750034357056,-2.5217132040759647
1.0,0.3562452467284276,1.0,1.0,-0.37354903062428957,0.37663833792318346,-0.4167154574081771
-0.546762627335071,-0.5537689136695787,-1.0,-0.6439729503317978,0.49404152151305336,-0.014107919253887546,-1.8747257494592693
-1.0,-0.061831051982460306,0.00893229765011462,-0.3075800190580311,-0.7518867161310898,-0.2668432236047633,-2.3967098696956644
-0.17872265866848236,-0.3639820073507064,0.3145436628854101,0.08089865720038904,-0.5437123739886446,0.3021860715266181,0.5653356824582945
-0.6713045945795068,1.0,0.7095234490012213,-0.33843177358056103,-0.08064072503238007,0.1663765327669926,-2.418128237889282
0.5127624492065876,-0.020619124074584327,-0.600461830132809,0.3812701928709393,0.6870759460419826,0.5770944553659204,0.1912055365931305
-0.16051240667463118,0.3623096990044019,-0.672053300799458,-1.0,0.0696147994020418,-0.3131991084893494,-1.0504541353625803
1.0,0.9057043722623457,1.0,1.0,1.0,-0.4648132448057599,-5.476622343782503
-1.0,-0.11707138179723775,0.6218580566734604,-0.17354116088328636,1.0,1.0,2.013317532097578
-0.6648069637697802,-1.0,-1.0,-0.5366349079120372,-0.15987488354682355,-1.0,3.2917725994848066
1.0,-1.0,0.06278872082054454,0.8036592771556895,0.6027955758179253,0.354858899641165,-0.8213828259123038
-0.9166139818503203,-0.6699643668960007,-0.03846565372995736,-0.8873521184251147,-1.0,0.7291210157328603,-0.1681038277865851
-1.0,-0.30934422176815807,-0.11132657999268158,-1.0,1.0,0.3809022460244985,3.304323980644886
-1.0,-0.25994873176660094,-1.0,-1.0,-0.9312660559803038,0.2638201645555105,-1.5779906599237181
0.8808045532882948,0.5835122421673864,-0.0007873526438939016,0.4241898974867538,0.8057908734800734,-0.08762187323801118,-2.23721783284339
-0.2616844746150715,1.0,1.0,0.513621455716788,0.8485376099684772,1.0,-3.5182842677167727
0.22106409426204154,-0.05905530634822498,-0.5731383906815716,1.0,0.42842423476535624,0.3882594830881352,0.7650860728538091
-0.40189921702926035,-1.0,-0.4605715271203765,-0.4394110117299683,1.0,1.0,2.9560349689982535
-1.0,-1.0,-0.17195105282623402,-1.0,1.0,-0.4179284610801355,4.354596648698062
-1.0,-0.5078451362397469,-0.5633432679079171,-1.0,-0.23810717430283623,-0.2620546410789065,-0.6659048560043438
1.0,0.5852658757072686,-1.0,0.15425105593078614,-1.0,-0.8994430391952594,4.426550903635016
-0.14926799123571355,0.5908519227604857,-1.0,-1.0,-1.0,-0.12271465880603233,-0.3527708710589656
-1.0,-0.2632886921732356,1.0,-0.22701726561465185,1.0,1.0,-1.4310703308865238
-0.41943738018544413,0.2848293120494148,-1.0,0.2875683394941525,-0.1476415519584557,0.043547426000993456,-0.23294864371735735
0.16563069583433143,-0.45564468340921743,0.8534963087918671,0.7994097968169324,1.0,1.0,-0.5028225909304564
1.0,0.2795955866205362,0.6069739220202228,-0.06156564031715117,-0.0015385098199689473,-0.012045794097223506,0.3735434409311904
1.0,1.0,-0.9533276494685453,1.0,0.24009651135690402,-0.23844557303148228,1.0483715149827766
0.38531350268145526,0.32986140608863534,-0.5481920056161611,-1.0,0.32121574255569874,1.0,4.56155923139345
0.4288816717982915,-0.9144191746230458,-0.42025633983381705,-0.4868346107330093,1.0,-0.035982818436330666,-1.3443721234684731
0.9449083015912194,0.5785301318324902,-0.04887292619586103,0.8235018294747554,-1.0,0.4580979614139963,3.761239744093979
-0.5578904229178787,-0.6377224306339805,-0.12064331563085251,0.0753656210509952,-0.772434491347454,-0.39556895750827625,0.3460009735262796
1.0,0.9576405070195693,0.46832108592977517,1.0,0.9114121160538649,-0.0734258853904789,-3.6428486022960676
0.20585563322522005,-0.08502621842335387,1.0,-0.24829655624279467,-0.48364363066600013,0.8756752645609662,-1.3861071699954777
1.0,0.8081373873801596,0.5025370666633846,0.8391257128492442,-0.9911425129610583,-0.8354169750477892,8.279675285593008
0.029408197888554533,-0.2420130276343577,-0.027907324008371426,-0.42531144747849614,0.9851408790584297,0.25525346388638015,0.8053635098707331
0.42902728783861377,-1.0,0.41872885303201224,-1.0,0.13151692541977245,1.0,0.4879773311707458
0.538544315792254,0.727126886997826,1.0,1.0,0.4801065696825319,-0.00916355138074898,-3.2488974504186645
1.0,-0.22233460589225276,-1.0,0.7538142882029804,-0.9641646063311736,-1.0,6.209971819944482
-0.6702605139812923,-0.6836432121587631,-0.11454977003998915,-0.31717672210098674,-0.5001771099761316,-0.27319391157997414,0.037811520507440965
-0.6776873735261317,0.45332699644649743,-0.10758323402259806,1.0,-1.0,-0.3050483875746999,-0.35699190242010814
1.0,0.46905988020886924,0.8383127800823428,-0.27430699132421044,0.019762365760110256,0.8788259775060242,-1.0799106637455502
0.2343631949152842,-1.0,-1.0,-1.0,0.7943326875390929,1.0,-2.2517508385342984
-0.7637894993914227,-1.0,1.0,-1.0,-0.9210848398196407,1.0,-0.8094810104473292
0.11790517108604592,0.4069933798523516,1.0,0.02939428080959916,0.4198197532319219,0.580843116827521,-1.9502258558203385
-0.3604276988051265,-1.0,-1.0,-0.9579490383151611,-1.0,-0.7839396791201688,2.823084515571886
1.0,0.0717824686870448,-0.4285503370695379,1.0,1.0,0.2828175985302308,-2.23893924469088
1.0,1.0,0.14536245068954656,1.0,-0.7387539482163779,-0.42363239911425454,6.066781546226938
-0.3442038680198236,-1.0,-0.0057845333327928294,-1.0,0.2633984654677647,1.0,-1.740656550419307
0.1921507185132062,-1.0,-1.0,-1.0,-0.45100527005673074,-1.0,4.502134874611554
0.30313214309399067,0.011406884123603245,-1.0,0.24079532411014426,-0.6583658716503903,-0.01186654077057657,1.2202150898796913
1.0,0.37087971924597407,0.4640489409310947,0.22845197696672992,1.0,0.8333249297260406,-1.9959851650415592
-0.8717154031726128,-0.9966098960135196,-0.046531915134664315,-0.44913703005224626,-0.530740500899333,-1.0,3.2029579139749327
-1.0,-0.8221463809892791,-0.4197600725202928,-1.0,-0.13346019893064776,-0.29128605718818656,-1.1485596332099355
1.0,0.38917780715507355,0.011774228254780361,1.0,-1.0,-0.6370754269403281,4.678594637727924
1.0,0.14279270298189384,-1.0,-0.11166919203036041,-0.8246083481795293,-0.22427752144860874,3.3603138261049903
-0.5488170183957628,-0.016420148944151225,1.0,0.6866478880597255,1.0,0.36092375359078743,-0.5829445340186439
-0.4378323218620379,-1.0,0.2581196342689336,-1.0,-1.0,-0.8002841030608714,7.651734207739064
0.8989254025622602,0.20884464234947864,-0.4559975996659492,0.8848060046453771,-0.03913332549563403,-0.3403403539333215,0.20883370905422116
-1.0,-1.0,-0.9832776383115109,-0.08925346884293295,0.6589802549195738,0.619533606139103,-1.2029489892161642
-1.0,-1.0,-0.12953088206465435,-0.9684116468914479,0.29074733680172726,1.0,-3.001058205051993
0.1379208768859882,-1.0,-1.0,-1.0,-0.7939241615505147,0.41448886199994406,0.14324545031931235
-1.0,-0.7222908515892099,-0.5092826755522999,-0.3399579660605734,0.16935883092398146,0.7502813220346141,0.9132772120894688
1.0,1.0,0.0580086955784791,0.06568049951408939,-0.8957188825792469,0.43379177035221467,3.0945586522975908
-1.0,-0.691550238558176,-1.0,-1.0,0.6211862048567776,1.0,2.9954802128452607
1.0,0.5937837710674463,0.5852880302671528,0.6457784591702587,0.16471514634620277,0.4974182549606587,-0.8507928007292832
-0.5030295920676937,-0.4448747932627646,-0.5694014937311673,-1.0,-1.0,-0.3745944507024601,2.442039855510692
-0.657260269573231,0.5122454822239134,1.0,1.0,1.0,0.5392859004670822,-3.934681528820503
-0.7695220718922401,-0.08572910446181192,-0.7914554606284021,0.4538413621725281,0.5171281379325183,1.0,7.930641945592816
-0.12585810389597588,-1.0,-0.9714126220198631,0.22752272527648398,-0.7219376959843784,-0.6411658051900364,-1.1694312103969149
0.88288924341157,-0.36509867084923964,0.551211848068244,0.1295292232803531,-0.2055053799186104,1.0,1.299540051122427
0.9125924323085939,1.0,0.2687877643358394,-0.1425751143783376,-0.21685630147533508,-0.39323236930439,0.4767216769420144
1.0,0.8974152066086112,-0.6671800552409834,1.0,1.0,-0.3456579259620755,-2.59737659765684
-0.8722578686269589,0.5405253976963531,0.8381950426908955,0.5429322211181704,-0.2622797294620336,1.0,-2.639868451128149
-1.0,-0.5150982586184629,-0.5311923251309087,-1.0,-0.43433725520444344,0.4370535086068489,-1.962919798690823
1.0,0.639936905717833,1.0,1.0,1.0,1.0,-7.618564613566455
0.44241154839533436,0.5154314984801138,0.05182652274989108,0.9980506341541431,0.10538395640825082,-0.4016716150432858,0.6615062257006495
-0.9806783516822265,-0.08146612624104999,-0.8882970776324131,0.9808425059275144,0.48987672529436016,1.0,7.331370535400663
0.4350939769685057,1.0,1.0,1.0,-0.43395824149344486,-0.4199206083477328,0.03388213183070332
-1.0,-0.135526750141981,-1.0,-0.9510215917249802,-0.045429339668844104,-1.0,4.0197795358100645
0.5142747724001979,0.23669724493611022,1.0,1.0,-1.0,-0.3152120508417293,0.10918868291240602
